#
# There is insufficient memory for the Java Runtime Environment to continue.
# Native memory allocation (mmap) failed to map 41943040 bytes. Error detail: G1 virtual space
# Possible reasons:
#   The system is out of physical RAM or swap space
#   This process is running with CompressedOops enabled, and the Java Heap may be blocking the growth of the native heap
# Possible solutions:
#   Reduce memory load on the system
#   Increase physical memory or swap space
#   Check if swap backing store is full
#   Decrease Java heap size (-Xmx/-Xms)
#   Decrease number of Java threads
#   Decrease Java thread stack sizes (-Xss)
#   Set larger code cache with -XX:ReservedCodeCacheSize=
#   JVM is running with Unscaled Compressed Oops mode in which the Java heap is
#     placed in the first 4GB address space. The Java Heap base address is the
#     maximum limit for the native heap growth. Please use -XX:HeapBaseMinAddress
#     to set the Java Heap base and to place the Java Heap above 4GB virtual address.
# This output file may be truncated or incomplete.
#
#  Out of Memory Error (os_windows.cpp:3630), pid=24528, tid=14456
#
# JRE version: OpenJDK Runtime Environment Temurin-17.0.20.1+1 (17.0.20.1+1) (build 17.0.20.1+1)
# Java VM: OpenJDK 64-Bit Server VM Temurin-17.0.20.1+1 (17.0.20.1+1, mixed mode, sharing, tiered, compressed oops, compressed class ptrs, g1 gc, windows-amd64)
# No core dump will be written. Minidumps are not enabled by default on client versions of Windows
#

---------------  S U M M A R Y ------------

Command Line: --add-opens=java.base/java.lang=ALL-UNNAMED --add-opens=java.base/java.lang.invoke=ALL-UNNAMED --add-opens=java.base/java.util=ALL-UNNAMED --add-opens=java.prefs/java.util.prefs=ALL-UNNAMED --add-exports=jdk.compiler/com.sun.tools.javac.api=ALL-UNNAMED --add-exports=jdk.compiler/com.sun.tools.javac.util=ALL-UNNAMED --add-opens=java.base/java.util=ALL-UNNAMED --add-opens=java.prefs/java.util.prefs=ALL-UNNAMED --add-opens=java.base/java.nio.charset=ALL-UNNAMED --add-opens=java.base/java.net=ALL-UNNAMED --add-opens=java.base/java.util.concurrent.atomic=ALL-UNNAMED --add-opens=java.xml/javax.xml.namespace=ALL-UNNAMED -XX:MaxMetaspaceSize=384m -XX:+HeapDumpOnOutOfMemoryError -Xms256m -Xmx512m -Dfile.encoding=windows-1252 -Duser.country=US -Duser.language=en -Duser.variant -javaagent:C:\Users\Edu Juanda Pratama\.gradle\wrapper\dists\gradle-8.13-bin\5xuhj0ry160q40clulazy9h7d\gradle-8.13\lib\agents\gradle-instrumentation-agent-8.13.jar org.gradle.launcher.daemon.bootstrap.GradleDaemon 8.13

Host: AMD Ryzen 5 6600H with Radeon Graphics         , 12 cores, 15G,  Windows 11 , 64 bit Build 26100 (10.0.26100.9278)
Time: Sun Sep  6 03:56:04 2026 SE Asia Standard Time elapsed time: 50.814025 seconds (0d 0h 0m 50s)

---------------  T H R E A D  ---------------

Current thread (0x000002d43332abc0):  VMThread "VM Thread" [stack: 0x000000f896a00000,0x000000f896b00000] [id=14456]

Stack: [0x000000f896a00000,0x000000f896b00000]
Native frames: (J=compiled Java code, j=interpreted, Vv=VM code, C=native code)
V  [jvm.dll+0x684d39]
V  [jvm.dll+0x83a565]
V  [jvm.dll+0x83bfde]
V  [jvm.dll+0x83c663]
V  [jvm.dll+0x2490cf]
V  [jvm.dll+0x681af9]
V  [jvm.dll+0x6768ba]
V  [jvm.dll+0x309467]
V  [jvm.dll+0x310a56]
V  [jvm.dll+0x360f3e]
V  [jvm.dll+0x36117d]
V  [jvm.dll+0x2e04ec]
V  [jvm.dll+0x2de8c2]
V  [jvm.dll+0x2de05c]
V  [jvm.dll+0x320cab]
V  [jvm.dll+0x840e7d]
V  [jvm.dll+0x841bb3]
V  [jvm.dll+0x8420df]
V  [jvm.dll+0x8424c5]
V  [jvm.dll+0x84258e]
V  [jvm.dll+0x7eb17c]
V  [jvm.dll+0x683c07]
C  [ucrtbase.dll+0x2cd30]
C  [KERNEL32.DLL+0x2ccb7]
C  [ntdll.dll+0xacaec]

VM_Operation (0x000000f89c2fdd50): G1CollectForAllocation, mode: safepoint, requested by thread 0x000002d45b6bec10


---------------  P R O C E S S  ---------------

Threads class SMR info:
_java_thread_list=0x000002d44ee2a860, length=76, elements={
0x000002d4165a2360, 0x000002d43332f710, 0x000002d433330b50, 0x000002d433348390,
0x000002d433348c60, 0x000002d43334a0a0, 0x000002d43334d4f0, 0x000002d43335f2c0,
0x000002d4334a0090, 0x000002d4334a2460, 0x000002d4334a1530, 0x000002d4334a0b10,
0x000002d4334a0600, 0x000002d4334a3390, 0x000002d4334a1020, 0x000002d4334a1a40,
0x000002d4334a3db0, 0x000002d4334a2e80, 0x000002d4334a1f50, 0x000002d4334a2970,
0x000002d44ee62400, 0x000002d44ee61ef0, 0x000002d44ee60ab0, 0x000002d44ee63330,
0x000002d44ee60090, 0x000002d44ee63840, 0x000002d44ee62910, 0x000002d44ee62e20,
0x000002d44ee63d50, 0x000002d44ee64260, 0x000002d44ee64770, 0x000002d44ee60fc0,
0x000002d44ee64c80, 0x000002d44ee65190, 0x000002d44ee66ae0, 0x000002d44ee66ff0,
0x000002d44ee665d0, 0x000002d44ee660c0, 0x000002d44ee67500, 0x000002d44f6689e0,
0x000002d44f66ad50, 0x000002d44f66b770, 0x000002d44f669910, 0x000002d44f66bc80,
0x000002d44f6684d0, 0x000002d44f66cbb0, 0x000002d44f66e500, 0x000002d44f66c6a0,
0x000002d44f66d5d0, 0x000002d44f66ea10, 0x000002d44f66f430, 0x000002d44f66dae0,
0x000002d44f66dff0, 0x000002d450ef2b30, 0x000002d450ef3550, 0x000002d450ef1c00,
0x000002d450ef3f70, 0x000002d450ef2620, 0x000002d450ef4990, 0x000002d450ef8b60,
0x000002d450ef6d00, 0x000002d454ab8a70, 0x000002d45b6bcdb0, 0x000002d45b6bb460,
0x000002d45b6ba530, 0x000002d45b6baa40, 0x000002d45b6bb970, 0x000002d45b6b9b10,
0x000002d45b6bec10, 0x000002d45b6bfb40, 0x000002d45b6bc8a0, 0x000002d45b6bd2c0,
0x000002d45b6be1f0, 0x000002d45b6bd7d0, 0x000002d45b6bf120, 0x000002d453f21830
}

Java Threads: ( => current thread )
  0x000002d4165a2360 JavaThread "main" [_thread_blocked, id=19812, stack(0x000000f896400000,0x000000f896500000)]
  0x000002d43332f710 JavaThread "Reference Handler" daemon [_thread_blocked, id=6196, stack(0x000000f896b00000,0x000000f896c00000)]
  0x000002d433330b50 JavaThread "Finalizer" daemon [_thread_blocked, id=23736, stack(0x000000f896c00000,0x000000f896d00000)]
  0x000002d433348390 JavaThread "Signal Dispatcher" daemon [_thread_blocked, id=2976, stack(0x000000f896d00000,0x000000f896e00000)]
  0x000002d433348c60 JavaThread "Attach Listener" daemon [_thread_blocked, id=17288, stack(0x000000f896e00000,0x000000f896f00000)]
  0x000002d43334a0a0 JavaThread "Service Thread" daemon [_thread_blocked, id=27952, stack(0x000000f896f00000,0x000000f897000000)]
  0x000002d43334d4f0 JavaThread "Monitor Deflation Thread" daemon [_thread_blocked, id=8380, stack(0x000000f897000000,0x000000f897100000)]
  0x000002d43335f2c0 JavaThread "C2 CompilerThread0" daemon [_thread_blocked, id=6752, stack(0x000000f897100000,0x000000f897200000)]
  0x000002d4334a0090 JavaThread "C1 CompilerThread0" daemon [_thread_blocked, id=9392, stack(0x000000f897200000,0x000000f897300000)]
  0x000002d4334a2460 JavaThread "Sweeper thread" daemon [_thread_blocked, id=27452, stack(0x000000f897300000,0x000000f897400000)]
  0x000002d4334a1530 JavaThread "Common-Cleaner" daemon [_thread_blocked, id=26940, stack(0x000000f897400000,0x000000f897500000)]
  0x000002d4334a0b10 JavaThread "Notification Thread" daemon [_thread_blocked, id=25040, stack(0x000000f897500000,0x000000f897600000)]
  0x000002d4334a0600 JavaThread "Daemon health stats" [_thread_blocked, id=27436, stack(0x000000f897e00000,0x000000f897f00000)]
  0x000002d4334a3390 JavaThread "Incoming local TCP Connector on port 7773" [_thread_in_native, id=24092, stack(0x000000f897800000,0x000000f897900000)]
  0x000002d4334a1020 JavaThread "Daemon periodic checks" [_thread_blocked, id=5616, stack(0x000000f897f00000,0x000000f898000000)]
  0x000002d4334a1a40 JavaThread "Daemon" [_thread_blocked, id=26580, stack(0x000000f898000000,0x000000f898100000)]
  0x000002d4334a3db0 JavaThread "Handler for socket connection from /127.0.0.1:7773 to /127.0.0.1:7774" [_thread_in_native, id=13556, stack(0x000000f898100000,0x000000f898200000)]
  0x000002d4334a2e80 JavaThread "Cancel handler" [_thread_blocked, id=4088, stack(0x000000f898200000,0x000000f898300000)]
  0x000002d4334a1f50 JavaThread "Daemon worker" [_thread_blocked, id=25172, stack(0x000000f898300000,0x000000f898400000)]
  0x000002d4334a2970 JavaThread "Asynchronous log dispatcher for DefaultDaemonConnection: socket connection from /127.0.0.1:7773 to /127.0.0.1:7774" [_thread_blocked, id=29684, stack(0x000000f898400000,0x000000f898500000)]
  0x000002d44ee62400 JavaThread "Stdin handler" [_thread_blocked, id=21780, stack(0x000000f898500000,0x000000f898600000)]
  0x000002d44ee61ef0 JavaThread "Daemon client event forwarder" [_thread_blocked, id=9812, stack(0x000000f898600000,0x000000f898700000)]
  0x000002d44ee60ab0 JavaThread "Cache worker for journal cache (C:\Users\Edu Juanda Pratama\.gradle\caches\journal-1)" [_thread_blocked, id=2268, stack(0x000000f898700000,0x000000f898800000)]
  0x000002d44ee63330 JavaThread "File lock request listener" [_thread_in_native, id=25284, stack(0x000000f898800000,0x000000f898900000)]
  0x000002d44ee60090 JavaThread "Cache worker for file hash cache (C:\Users\Edu Juanda Pratama\.gradle\caches\8.13\fileHashes)" [_thread_blocked, id=8172, stack(0x000000f898900000,0x000000f898a00000)]
  0x000002d44ee63840 JavaThread "Cache worker for file hash cache (C:\Users\Edu Juanda Pratama\Downloads\remotedeviceandroidtoandroid (7)\remotedeviceandroidtoandroid\artifacts\linkdroid-android\native-kotlin\.gradle\8.13\fileHashes)" [_thread_blocked, id=13284, stack(0x000000f898a00000,0x000000f898b00000)]
  0x000002d44ee62910 JavaThread "Cache worker for Build Output Cleanup Cache (C:\Users\Edu Juanda Pratama\Downloads\remotedeviceandroidtoandroid (7)\remotedeviceandroidtoandroid\artifacts\linkdroid-android\native-kotlin\.gradle\buildOutputCleanup)" [_thread_blocked, id=20788, stack(0x000000f898b00000,0x000000f898c00000)]
  0x000002d44ee62e20 JavaThread "File watcher server" daemon [_thread_blocked, id=4628, stack(0x000000f899300000,0x000000f899400000)]
  0x000002d44ee63d50 JavaThread "File watcher consumer" daemon [_thread_blocked, id=26540, stack(0x000000f899400000,0x000000f899500000)]
  0x000002d44ee64260 JavaThread "Cache worker for checksums cache (C:\Users\Edu Juanda Pratama\Downloads\remotedeviceandroidtoandroid (7)\remotedeviceandroidtoandroid\artifacts\linkdroid-android\native-kotlin\.gradle\8.13\checksums)" [_thread_blocked, id=28496, stack(0x000000f899500000,0x000000f899600000)]
  0x000002d44ee64770 JavaThread "Cache worker for file content cache (C:\Users\Edu Juanda Pratama\.gradle\caches\8.13\fileContent)" [_thread_blocked, id=9296, stack(0x000000f899600000,0x000000f899700000)]
  0x000002d44ee60fc0 JavaThread "Cache worker for cache directory md-supplier (C:\Users\Edu Juanda Pratama\.gradle\caches\8.13\md-supplier)" [_thread_blocked, id=26712, stack(0x000000f899700000,0x000000f899800000)]
  0x000002d44ee64c80 JavaThread "Cache worker for cache directory md-rule (C:\Users\Edu Juanda Pratama\.gradle\caches\8.13\md-rule)" [_thread_blocked, id=11432, stack(0x000000f899800000,0x000000f899900000)]
  0x000002d44ee65190 JavaThread "Unconstrained build operations" [_thread_blocked, id=23780, stack(0x000000f899900000,0x000000f899a00000)]
  0x000002d44ee66ae0 JavaThread "Unconstrained build operations Thread 2" [_thread_blocked, id=9676, stack(0x000000f899a00000,0x000000f899b00000)]
  0x000002d44ee66ff0 JavaThread "Unconstrained build operations Thread 3" [_thread_blocked, id=23892, stack(0x000000f899b00000,0x000000f899c00000)]
  0x000002d44ee665d0 JavaThread "Memory manager" [_thread_blocked, id=26616, stack(0x000000f898c00000,0x000000f898d00000)]
  0x000002d44ee660c0 JavaThread "Problems report writer" [_thread_blocked, id=25872, stack(0x000000f899e00000,0x000000f899f00000)]
  0x000002d44ee67500 JavaThread "build event listener" [_thread_blocked, id=19724, stack(0x000000f899f00000,0x000000f89a000000)]
  0x000002d44f6689e0 JavaThread "pool-3-thread-1" [_thread_blocked, id=11540, stack(0x000000f89a000000,0x000000f89a100000)]
  0x000002d44f66ad50 JavaThread "build event listener" [_thread_blocked, id=4768, stack(0x000000f89a100000,0x000000f89a200000)]
  0x000002d44f66b770 JavaThread "included builds" [_thread_blocked, id=14868, stack(0x000000f89a200000,0x000000f89a300000)]
  0x000002d44f669910 JavaThread "Cache worker for execution history cache (C:\Users\Edu Juanda Pratama\Downloads\remotedeviceandroidtoandroid (7)\remotedeviceandroidtoandroid\artifacts\linkdroid-android\native-kotlin\.gradle\8.13\executionHistory)" [_thread_blocked, id=6820, stack(0x000000f89a300000,0x000000f89a400000)]
  0x000002d44f66bc80 JavaThread "Unconstrained build operations Thread 4" [_thread_blocked, id=16852, stack(0x000000f89a400000,0x000000f89a500000)]
  0x000002d44f6684d0 JavaThread "Unconstrained build operations Thread 5" [_thread_blocked, id=19436, stack(0x000000f89a600000,0x000000f89a700000)]
  0x000002d44f66cbb0 JavaThread "Unconstrained build operations Thread 6" [_thread_blocked, id=15136, stack(0x000000f897700000,0x000000f897800000)]
  0x000002d44f66e500 JavaThread "Unconstrained build operations Thread 7" [_thread_blocked, id=25348, stack(0x000000f89ab00000,0x000000f89ac00000)]
  0x000002d44f66c6a0 JavaThread "Unconstrained build operations Thread 8" [_thread_blocked, id=21868, stack(0x000000f89ac00000,0x000000f89ad00000)]
  0x000002d44f66d5d0 JavaThread "Unconstrained build operations Thread 9" [_thread_blocked, id=26284, stack(0x000000f89ad00000,0x000000f89ae00000)]
  0x000002d44f66ea10 JavaThread "Unconstrained build operations Thread 10" [_thread_blocked, id=528, stack(0x000000f89ae00000,0x000000f89af00000)]
  0x000002d44f66f430 JavaThread "pool-4-thread-1" [_thread_blocked, id=27760, stack(0x000000f89af00000,0x000000f89b000000)]
  0x000002d44f66dae0 JavaThread "stderr" [_thread_in_native, id=26544, stack(0x000000f89b000000,0x000000f89b100000)]
  0x000002d44f66dff0 JavaThread "stdout" [_thread_in_native, id=24744, stack(0x000000f89b100000,0x000000f89b200000)]
  0x000002d450ef2b30 JavaThread "RMI Scheduler(0)" daemon [_thread_blocked, id=14788, stack(0x000000f89aa00000,0x000000f89ab00000)]
  0x000002d450ef3550 JavaThread "RMI GC Daemon" daemon [_thread_blocked, id=24788, stack(0x000000f89b300000,0x000000f89b400000)]
  0x000002d450ef1c00 JavaThread "RMI TCP Accept-0" daemon [_thread_in_native, id=6524, stack(0x000000f89b400000,0x000000f89b500000)]
  0x000002d450ef3f70 JavaThread "RMI Reaper" [_thread_blocked, id=5704, stack(0x000000f89b500000,0x000000f89b600000)]
  0x000002d450ef2620 JavaThread "RMI TCP Connection(1)-127.0.0.1" daemon [_thread_in_native, id=8500, stack(0x000000f89b600000,0x000000f89b700000)]
  0x000002d450ef4990 JavaThread "Cache worker for Java compile cache (C:\Users\Edu Juanda Pratama\.gradle\caches\8.13\javaCompile)" [_thread_blocked, id=25748, stack(0x000000f89b900000,0x000000f89ba00000)]
  0x000002d450ef8b60 JavaThread "Build operations" [_thread_blocked, id=8628, stack(0x000000f89bb00000,0x000000f89bc00000)]
  0x000002d450ef6d00 JavaThread "WorkerExecutor Queue Thread 2" [_thread_blocked, id=11828, stack(0x000000f89b200000,0x000000f89b300000)]
  0x000002d454ab8a70 JavaThread "C2 CompilerThread1" daemon [_thread_blocked, id=10336, stack(0x000000f89a500000,0x000000f89a600000)]
  0x000002d45b6bcdb0 JavaThread "WorkerExecutor Queue Thread 3" [_thread_blocked, id=26020, stack(0x000000f89b800000,0x000000f89b900000)]
  0x000002d45b6bb460 JavaThread "ForkJoinPool-1-worker-1" daemon [_thread_blocked, id=20136, stack(0x000000f89bd00000,0x000000f89be00000)]
  0x000002d45b6ba530 JavaThread "ForkJoinPool-1-worker-2" daemon [_thread_blocked, id=28116, stack(0x000000f89be00000,0x000000f89bf00000)]
  0x000002d45b6baa40 JavaThread "ForkJoinPool-1-worker-3" daemon [_thread_blocked, id=16176, stack(0x000000f89bf00000,0x000000f89c000000)]
  0x000002d45b6bb970 JavaThread "ForkJoinPool-1-worker-4" daemon [_thread_blocked, id=17852, stack(0x000000f89c000000,0x000000f89c100000)]
  0x000002d45b6b9b10 JavaThread "ForkJoinPool-1-worker-5" daemon [_thread_blocked, id=14856, stack(0x000000f89c100000,0x000000f89c200000)]
  0x000002d45b6bec10 JavaThread "ForkJoinPool-1-worker-6" daemon [_thread_blocked, id=11964, stack(0x000000f89c200000,0x000000f89c300000)]
  0x000002d45b6bfb40 JavaThread "ForkJoinPool-1-worker-7" daemon [_thread_blocked, id=23964, stack(0x000000f89c300000,0x000000f89c400000)]
  0x000002d45b6bc8a0 JavaThread "ForkJoinPool-1-worker-8" daemon [_thread_blocked, id=22796, stack(0x000000f89c400000,0x000000f89c500000)]
  0x000002d45b6bd2c0 JavaThread "ForkJoinPool-1-worker-9" daemon [_thread_blocked, id=20560, stack(0x000000f89c500000,0x000000f89c600000)]
  0x000002d45b6be1f0 JavaThread "ForkJoinPool-1-worker-10" daemon [_thread_blocked, id=25780, stack(0x000000f89c600000,0x000000f89c700000)]
  0x000002d45b6bd7d0 JavaThread "ForkJoinPool-1-worker-11" daemon [_thread_blocked, id=3956, stack(0x000000f89c700000,0x000000f89c800000)]
  0x000002d45b6bf120 JavaThread "ForkJoinPool-1-worker-12" daemon [_thread_blocked, id=392, stack(0x000000f89c800000,0x000000f89c900000)]
  0x000002d453f21830 JavaThread "C2 CompilerThread2" daemon [_thread_blocked, id=10780, stack(0x000000f89c900000,0x000000f89ca00000)]

Other Threads:
=>0x000002d43332abc0 VMThread "VM Thread" [stack: 0x000000f896a00000,0x000000f896b00000] [id=14456]
  0x000002d4336b60d0 WatcherThread [stack: 0x000000f897600000,0x000000f897700000] [id=24380]
  0x000002d4165d47b0 GCTaskThread "GC Thread#0" [stack: 0x000000f896500000,0x000000f896600000] [id=26524]
  0x000002d44d09c750 GCTaskThread "GC Thread#1" [stack: 0x000000f897900000,0x000000f897a00000] [id=19112]
  0x000002d44d09ced0 GCTaskThread "GC Thread#2" [stack: 0x000000f897a00000,0x000000f897b00000] [id=26332]
  0x000002d4336f3840 GCTaskThread "GC Thread#3" [stack: 0x000000f897b00000,0x000000f897c00000] [id=2052]
  0x000002d44d460300 GCTaskThread "GC Thread#4" [stack: 0x000000f897c00000,0x000000f897d00000] [id=9948]
  0x000002d44d4605c0 GCTaskThread "GC Thread#5" [stack: 0x000000f897d00000,0x000000f897e00000] [id=29252]
  0x000002d44fe17c90 GCTaskThread "GC Thread#6" [stack: 0x000000f898d00000,0x000000f898e00000] [id=24544]
  0x000002d44fe18790 GCTaskThread "GC Thread#7" [stack: 0x000000f898e00000,0x000000f898f00000] [id=29620]
  0x000002d44fe179d0 GCTaskThread "GC Thread#8" [stack: 0x000000f898f00000,0x000000f899000000] [id=23904]
  0x000002d44fe18210 GCTaskThread "GC Thread#9" [stack: 0x000000f899000000,0x000000f899100000] [id=15220]
  0x000002d4165d9510 ConcurrentGCThread "G1 Main Marker" [stack: 0x000000f896600000,0x000000f896700000] [id=25252]
  0x000002d4165daa10 ConcurrentGCThread "G1 Conc#0" [stack: 0x000000f896700000,0x000000f896800000] [id=24828]
  0x000002d44fe17f50 ConcurrentGCThread "G1 Conc#1" [stack: 0x000000f899100000,0x000000f899200000] [id=9636]
  0x000002d44fe18a50 ConcurrentGCThread "G1 Conc#2" [stack: 0x000000f899200000,0x000000f899300000] [id=9344]
  0x000002d41664ec70 ConcurrentGCThread "G1 Refine#0" [stack: 0x000000f896800000,0x000000f896900000] [id=20684]
  0x000002d44dca2f40 ConcurrentGCThread "G1 Refine#1" [stack: 0x000000f899c00000,0x000000f899d00000] [id=24180]
  0x000002d4542c1060 ConcurrentGCThread "G1 Refine#2" [stack: 0x000000f89a700000,0x000000f89a800000] [id=10228]
  0x000002d4542c30b0 ConcurrentGCThread "G1 Refine#3" [stack: 0x000000f89a800000,0x000000f89a900000] [id=8900]
  0x000002d4542c33a0 ConcurrentGCThread "G1 Refine#4" [stack: 0x000000f89a900000,0x000000f89aa00000] [id=19180]
  0x000002d452d70860 ConcurrentGCThread "G1 Refine#5" [stack: 0x000000f89ba00000,0x000000f89bb00000] [id=21424]
  0x000002d45a56bc10 ConcurrentGCThread "G1 Refine#6" [stack: 0x000000f89bc00000,0x000000f89bd00000] [id=14932]
  0x000002d4331e3560 ConcurrentGCThread "G1 Service" [stack: 0x000000f896900000,0x000000f896a00000] [id=12816]

Threads with active compile tasks:
C2 CompilerThread0  50839 23750       4       com.android.tools.r8.internal.Nk::C (123 bytes)
C1 CompilerThread0  50839 23739       2       com.android.tools.r8.dex.A::<init> (1779 bytes)
C2 CompilerThread1  50839 23485       4       com.android.tools.r8.graph.j1$a::a (7 bytes)
C2 CompilerThread2  50839 23482       4       com.android.tools.r8.graph.j1$a::a (7 bytes)

VM state: at safepoint (normal execution)

VM Mutex/Monitor currently owned by a thread:  ([mutex/lock_event])
[0x000002d4160f21c0] Threads_lock - owner thread: 0x000002d43332abc0
[0x000002d4165a0550] Heap_lock - owner thread: 0x000002d45b6bec10

Heap address: 0x00000000e0000000, size: 512 MB, Compressed Oops mode: 32-bit

CDS archive(s) mapped at: [0x000002d434000000-0x000002d434bb0000-0x000002d434bb0000), size 12255232, SharedBaseAddress: 0x000002d434000000, ArchiveRelocationMode: 1.
Compressed class space mapped at: 0x000002d435000000-0x000002d449000000, reserved size: 335544320
Narrow klass base: 0x000002d434000000, Narrow klass shift: 0, Narrow klass range: 0x100000000

GC Precious Log:
 CPUs: 12 total, 12 available
 Memory: 15613M
 Large Page Support: Disabled
 NUMA Support: Disabled
 Compressed Oops: Enabled (32-bit)
 Heap Region Size: 1M
 Heap Min Capacity: 256M
 Heap Initial Capacity: 256M
 Heap Max Capacity: 512M
 Pre-touch: Disabled
 Parallel Workers: 10
 Concurrent Workers: 3
 Concurrent Refinement Workers: 10
 Periodic GC: Disabled

Heap:
 garbage-first heap   total 323584K, used 272835K [0x00000000e0000000, 0x0000000100000000)
  region size 1024K, 2 young (2048K), 2 survivors (2048K)
 Metaspace       used 138874K, committed 139840K, reserved 458752K
  class space    used 18553K, committed 19008K, reserved 327680K

Heap Regions: E=young(eden), S=young(survivor), O=old, HS=humongous(starts), HC=humongous(continues), CS=collection set, F=free, OA=open archive, CA=closed archive, TAMS=top-at-mark-start (previous, next)
|   0|0x00000000e0000000, 0x00000000e0100000, 0x00000000e0100000|100%|HS|  |TAMS 0x00000000e0100000, 0x00000000e0100000| Complete 
|   1|0x00000000e0100000, 0x00000000e0200000, 0x00000000e0200000|100%|HC|  |TAMS 0x00000000e0200000, 0x00000000e0200000| Complete 
|   2|0x00000000e0200000, 0x00000000e0300000, 0x00000000e0300000|100%|HC|  |TAMS 0x00000000e0300000, 0x00000000e0300000| Complete 
|   3|0x00000000e0300000, 0x00000000e0400000, 0x00000000e0400000|100%| O|  |TAMS 0x00000000e0400000, 0x00000000e0400000| Untracked 
|   4|0x00000000e0400000, 0x00000000e0500000, 0x00000000e0500000|100%| O|  |TAMS 0x00000000e0500000, 0x00000000e0500000| Untracked 
|   5|0x00000000e0500000, 0x00000000e0600000, 0x00000000e0600000|100%| O|  |TAMS 0x00000000e0600000, 0x00000000e0600000| Untracked 
|   6|0x00000000e0600000, 0x00000000e0700000, 0x00000000e0700000|100%|HS|  |TAMS 0x00000000e0700000, 0x00000000e0700000| Complete 
|   7|0x00000000e0700000, 0x00000000e0800000, 0x00000000e0800000|100%| O|  |TAMS 0x00000000e0800000, 0x00000000e0800000| Untracked 
|   8|0x00000000e0800000, 0x00000000e0900000, 0x00000000e0900000|100%| O|  |TAMS 0x00000000e0900000, 0x00000000e0900000| Untracked 
|   9|0x00000000e0900000, 0x00000000e0a00000, 0x00000000e0a00000|100%| O|  |TAMS 0x00000000e0a00000, 0x00000000e0a00000| Untracked 
|  10|0x00000000e0a00000, 0x00000000e0b00000, 0x00000000e0b00000|100%| O|  |TAMS 0x00000000e0b00000, 0x00000000e0b00000| Untracked 
|  11|0x00000000e0b00000, 0x00000000e0c00000, 0x00000000e0c00000|100%| O|  |TAMS 0x00000000e0c00000, 0x00000000e0c00000| Untracked 
|  12|0x00000000e0c00000, 0x00000000e0d00000, 0x00000000e0d00000|100%|HS|  |TAMS 0x00000000e0d00000, 0x00000000e0d00000| Complete 
|  13|0x00000000e0d00000, 0x00000000e0e00000, 0x00000000e0e00000|100%| O|  |TAMS 0x00000000e0e00000, 0x00000000e0e00000| Untracked 
|  14|0x00000000e0e00000, 0x00000000e0f00000, 0x00000000e0f00000|100%| O|  |TAMS 0x00000000e0f00000, 0x00000000e0f00000| Untracked 
|  15|0x00000000e0f00000, 0x00000000e1000000, 0x00000000e1000000|100%| O|  |TAMS 0x00000000e1000000, 0x00000000e1000000| Untracked 
|  16|0x00000000e1000000, 0x00000000e1100000, 0x00000000e1100000|100%| O|  |TAMS 0x00000000e1100000, 0x00000000e1100000| Untracked 
|  17|0x00000000e1100000, 0x00000000e1200000, 0x00000000e1200000|100%| O|  |TAMS 0x00000000e1200000, 0x00000000e1200000| Untracked 
|  18|0x00000000e1200000, 0x00000000e1300000, 0x00000000e1300000|100%| O|  |TAMS 0x00000000e1300000, 0x00000000e1300000| Untracked 
|  19|0x00000000e1300000, 0x00000000e1400000, 0x00000000e1400000|100%| O|  |TAMS 0x00000000e1400000, 0x00000000e1400000| Untracked 
|  20|0x00000000e1400000, 0x00000000e1500000, 0x00000000e1500000|100%| O|  |TAMS 0x00000000e1500000, 0x00000000e1500000| Untracked 
|  21|0x00000000e1500000, 0x00000000e1600000, 0x00000000e1600000|100%| O|  |TAMS 0x00000000e1600000, 0x00000000e1600000| Untracked 
|  22|0x00000000e1600000, 0x00000000e1700000, 0x00000000e1700000|100%| O|  |TAMS 0x00000000e1700000, 0x00000000e1700000| Untracked 
|  23|0x00000000e1700000, 0x00000000e1800000, 0x00000000e1800000|100%| O|  |TAMS 0x00000000e1800000, 0x00000000e1800000| Untracked 
|  24|0x00000000e1800000, 0x00000000e1900000, 0x00000000e1900000|100%| O|  |TAMS 0x00000000e1900000, 0x00000000e1900000| Untracked 
|  25|0x00000000e1900000, 0x00000000e1a00000, 0x00000000e1a00000|100%| O|  |TAMS 0x00000000e1a00000, 0x00000000e1a00000| Untracked 
|  26|0x00000000e1a00000, 0x00000000e1b00000, 0x00000000e1b00000|100%| O|  |TAMS 0x00000000e1b00000, 0x00000000e1b00000| Untracked 
|  27|0x00000000e1b00000, 0x00000000e1c00000, 0x00000000e1c00000|100%| O|  |TAMS 0x00000000e1c00000, 0x00000000e1c00000| Untracked 
|  28|0x00000000e1c00000, 0x00000000e1d00000, 0x00000000e1d00000|100%| O|  |TAMS 0x00000000e1d00000, 0x00000000e1d00000| Untracked 
|  29|0x00000000e1d00000, 0x00000000e1e00000, 0x00000000e1e00000|100%| O|  |TAMS 0x00000000e1e00000, 0x00000000e1e00000| Untracked 
|  30|0x00000000e1e00000, 0x00000000e1f00000, 0x00000000e1f00000|100%| O|  |TAMS 0x00000000e1f00000, 0x00000000e1f00000| Untracked 
|  31|0x00000000e1f00000, 0x00000000e2000000, 0x00000000e2000000|100%| O|  |TAMS 0x00000000e2000000, 0x00000000e2000000| Untracked 
|  32|0x00000000e2000000, 0x00000000e2100000, 0x00000000e2100000|100%| O|  |TAMS 0x00000000e2100000, 0x00000000e2100000| Untracked 
|  33|0x00000000e2100000, 0x00000000e2200000, 0x00000000e2200000|100%| O|  |TAMS 0x00000000e2200000, 0x00000000e2200000| Untracked 
|  34|0x00000000e2200000, 0x00000000e2300000, 0x00000000e2300000|100%| O|  |TAMS 0x00000000e2300000, 0x00000000e2300000| Untracked 
|  35|0x00000000e2300000, 0x00000000e2400000, 0x00000000e2400000|100%| O|  |TAMS 0x00000000e2400000, 0x00000000e2400000| Untracked 
|  36|0x00000000e2400000, 0x00000000e2500000, 0x00000000e2500000|100%| O|  |TAMS 0x00000000e2500000, 0x00000000e2500000| Untracked 
|  37|0x00000000e2500000, 0x00000000e2600000, 0x00000000e2600000|100%| O|  |TAMS 0x00000000e2600000, 0x00000000e2600000| Untracked 
|  38|0x00000000e2600000, 0x00000000e2700000, 0x00000000e2700000|100%| O|  |TAMS 0x00000000e2700000, 0x00000000e2700000| Untracked 
|  39|0x00000000e2700000, 0x00000000e2800000, 0x00000000e2800000|100%| O|  |TAMS 0x00000000e2800000, 0x00000000e2800000| Untracked 
|  40|0x00000000e2800000, 0x00000000e2900000, 0x00000000e2900000|100%|HS|  |TAMS 0x00000000e2900000, 0x00000000e2900000| Complete 
|  41|0x00000000e2900000, 0x00000000e2a00000, 0x00000000e2a00000|100%|HS|  |TAMS 0x00000000e2a00000, 0x00000000e2a00000| Complete 
|  42|0x00000000e2a00000, 0x00000000e2b00000, 0x00000000e2b00000|100%|HC|  |TAMS 0x00000000e2b00000, 0x00000000e2b00000| Complete 
|  43|0x00000000e2b00000, 0x00000000e2c00000, 0x00000000e2c00000|100%|HS|  |TAMS 0x00000000e2c00000, 0x00000000e2c00000| Complete 
|  44|0x00000000e2c00000, 0x00000000e2d00000, 0x00000000e2d00000|100%|HC|  |TAMS 0x00000000e2d00000, 0x00000000e2d00000| Complete 
|  45|0x00000000e2d00000, 0x00000000e2e00000, 0x00000000e2e00000|100%|HS|  |TAMS 0x00000000e2e00000, 0x00000000e2e00000| Complete 
|  46|0x00000000e2e00000, 0x00000000e2f00000, 0x00000000e2f00000|100%|HS|  |TAMS 0x00000000e2f00000, 0x00000000e2f00000| Complete 
|  47|0x00000000e2f00000, 0x00000000e3000000, 0x00000000e3000000|100%| O|  |TAMS 0x00000000e3000000, 0x00000000e3000000| Untracked 
|  48|0x00000000e3000000, 0x00000000e3100000, 0x00000000e3100000|100%|HS|  |TAMS 0x00000000e3100000, 0x00000000e3100000| Complete 
|  49|0x00000000e3100000, 0x00000000e3200000, 0x00000000e3200000|100%|HS|  |TAMS 0x00000000e3200000, 0x00000000e3200000| Complete 
|  50|0x00000000e3200000, 0x00000000e3300000, 0x00000000e3300000|100%| O|  |TAMS 0x00000000e3300000, 0x00000000e3300000| Untracked 
|  51|0x00000000e3300000, 0x00000000e3400000, 0x00000000e3400000|100%| O|  |TAMS 0x00000000e3400000, 0x00000000e3400000| Untracked 
|  52|0x00000000e3400000, 0x00000000e3500000, 0x00000000e3500000|100%| O|  |TAMS 0x00000000e3500000, 0x00000000e3500000| Untracked 
|  53|0x00000000e3500000, 0x00000000e3600000, 0x00000000e3600000|100%| O|  |TAMS 0x00000000e3600000, 0x00000000e3600000| Untracked 
|  54|0x00000000e3600000, 0x00000000e3700000, 0x00000000e3700000|100%|HS|  |TAMS 0x00000000e3700000, 0x00000000e3700000| Complete 
|  55|0x00000000e3700000, 0x00000000e3800000, 0x00000000e3800000|100%| O|  |TAMS 0x00000000e3800000, 0x00000000e3800000| Untracked 
|  56|0x00000000e3800000, 0x00000000e3900000, 0x00000000e3900000|100%| O|  |TAMS 0x00000000e3900000, 0x00000000e3900000| Untracked 
|  57|0x00000000e3900000, 0x00000000e3a00000, 0x00000000e3a00000|100%| O|  |TAMS 0x00000000e3a00000, 0x00000000e3a00000| Untracked 
|  58|0x00000000e3a00000, 0x00000000e3b00000, 0x00000000e3b00000|100%| O|  |TAMS 0x00000000e3b00000, 0x00000000e3b00000| Untracked 
|  59|0x00000000e3b00000, 0x00000000e3c00000, 0x00000000e3c00000|100%| O|  |TAMS 0x00000000e3c00000, 0x00000000e3c00000| Untracked 
|  60|0x00000000e3c00000, 0x00000000e3d00000, 0x00000000e3d00000|100%| O|  |TAMS 0x00000000e3d00000, 0x00000000e3d00000| Untracked 
|  61|0x00000000e3d00000, 0x00000000e3e00000, 0x00000000e3e00000|100%| O|  |TAMS 0x00000000e3e00000, 0x00000000e3e00000| Untracked 
|  62|0x00000000e3e00000, 0x00000000e3f00000, 0x00000000e3f00000|100%| O|  |TAMS 0x00000000e3f00000, 0x00000000e3f00000| Untracked 
|  63|0x00000000e3f00000, 0x00000000e4000000, 0x00000000e4000000|100%| O|  |TAMS 0x00000000e4000000, 0x00000000e4000000| Untracked 
|  64|0x00000000e4000000, 0x00000000e4100000, 0x00000000e4100000|100%| O|  |TAMS 0x00000000e4100000, 0x00000000e4100000| Untracked 
|  65|0x00000000e4100000, 0x00000000e4200000, 0x00000000e4200000|100%| O|  |TAMS 0x00000000e4200000, 0x00000000e4200000| Untracked 
|  66|0x00000000e4200000, 0x00000000e4300000, 0x00000000e4300000|100%| O|  |TAMS 0x00000000e4300000, 0x00000000e4300000| Untracked 
|  67|0x00000000e4300000, 0x00000000e4400000, 0x00000000e4400000|100%| O|  |TAMS 0x00000000e4400000, 0x00000000e4400000| Untracked 
|  68|0x00000000e4400000, 0x00000000e4500000, 0x00000000e4500000|100%| O|  |TAMS 0x00000000e4500000, 0x00000000e4500000| Untracked 
|  69|0x00000000e4500000, 0x00000000e4600000, 0x00000000e4600000|100%| O|  |TAMS 0x00000000e4600000, 0x00000000e4600000| Untracked 
|  70|0x00000000e4600000, 0x00000000e4700000, 0x00000000e4700000|100%| O|  |TAMS 0x00000000e4700000, 0x00000000e4700000| Untracked 
|  71|0x00000000e4700000, 0x00000000e4800000, 0x00000000e4800000|100%| O|  |TAMS 0x00000000e4800000, 0x00000000e4800000| Untracked 
|  72|0x00000000e4800000, 0x00000000e4900000, 0x00000000e4900000|100%| O|  |TAMS 0x00000000e4900000, 0x00000000e4900000| Untracked 
|  73|0x00000000e4900000, 0x00000000e4a00000, 0x00000000e4a00000|100%|HS|  |TAMS 0x00000000e4900000, 0x00000000e4a00000| Complete 
|  74|0x00000000e4a00000, 0x00000000e4b00000, 0x00000000e4b00000|100%| O|  |TAMS 0x00000000e4a00000, 0x00000000e4b00000| Untracked 
|  75|0x00000000e4b00000, 0x00000000e4c00000, 0x00000000e4c00000|100%| O|  |TAMS 0x00000000e4c00000, 0x00000000e4c00000| Untracked 
|  76|0x00000000e4c00000, 0x00000000e4d00000, 0x00000000e4d00000|100%| O|  |TAMS 0x00000000e4d00000, 0x00000000e4d00000| Untracked 
|  77|0x00000000e4d00000, 0x00000000e4e00000, 0x00000000e4e00000|100%| O|  |TAMS 0x00000000e4e00000, 0x00000000e4e00000| Untracked 
|  78|0x00000000e4e00000, 0x00000000e4f00000, 0x00000000e4f00000|100%| O|  |TAMS 0x00000000e4f00000, 0x00000000e4f00000| Untracked 
|  79|0x00000000e4f00000, 0x00000000e5000000, 0x00000000e5000000|100%| O|  |TAMS 0x00000000e5000000, 0x00000000e5000000| Untracked 
|  80|0x00000000e5000000, 0x00000000e5100000, 0x00000000e5100000|100%| O|  |TAMS 0x00000000e5100000, 0x00000000e5100000| Untracked 
|  81|0x00000000e5100000, 0x00000000e5200000, 0x00000000e5200000|100%| O|  |TAMS 0x00000000e5200000, 0x00000000e5200000| Untracked 
|  82|0x00000000e5200000, 0x00000000e5300000, 0x00000000e5300000|100%| O|  |TAMS 0x00000000e5300000, 0x00000000e5300000| Untracked 
|  83|0x00000000e5300000, 0x00000000e5400000, 0x00000000e5400000|100%| O|  |TAMS 0x00000000e5400000, 0x00000000e5400000| Untracked 
|  84|0x00000000e5400000, 0x00000000e5500000, 0x00000000e5500000|100%| O|  |TAMS 0x00000000e5500000, 0x00000000e5500000| Untracked 
|  85|0x00000000e5500000, 0x00000000e5600000, 0x00000000e5600000|100%| O|  |TAMS 0x00000000e5600000, 0x00000000e5600000| Untracked 
|  86|0x00000000e5600000, 0x00000000e5700000, 0x00000000e5700000|100%| O|  |TAMS 0x00000000e5700000, 0x00000000e5700000| Untracked 
|  87|0x00000000e5700000, 0x00000000e5800000, 0x00000000e5800000|100%| O|  |TAMS 0x00000000e5700000, 0x00000000e5800000| Untracked 
|  88|0x00000000e5800000, 0x00000000e5900000, 0x00000000e5900000|100%| O|  |TAMS 0x00000000e5900000, 0x00000000e5900000| Untracked 
|  89|0x00000000e5900000, 0x00000000e5a00000, 0x00000000e5a00000|100%| O|  |TAMS 0x00000000e5a00000, 0x00000000e5a00000| Untracked 
|  90|0x00000000e5a00000, 0x00000000e5b00000, 0x00000000e5b00000|100%| O|  |TAMS 0x00000000e5b00000, 0x00000000e5b00000| Untracked 
|  91|0x00000000e5b00000, 0x00000000e5c00000, 0x00000000e5c00000|100%| O|  |TAMS 0x00000000e5c00000, 0x00000000e5c00000| Untracked 
|  92|0x00000000e5c00000, 0x00000000e5d00000, 0x00000000e5d00000|100%| O|  |TAMS 0x00000000e5d00000, 0x00000000e5d00000| Untracked 
|  93|0x00000000e5d00000, 0x00000000e5e00000, 0x00000000e5e00000|100%| O|  |TAMS 0x00000000e5e00000, 0x00000000e5e00000| Untracked 
|  94|0x00000000e5e00000, 0x00000000e5f00000, 0x00000000e5f00000|100%| O|  |TAMS 0x00000000e5f00000, 0x00000000e5f00000| Untracked 
|  95|0x00000000e5f00000, 0x00000000e6000000, 0x00000000e6000000|100%| O|  |TAMS 0x00000000e6000000, 0x00000000e6000000| Untracked 
|  96|0x00000000e6000000, 0x00000000e6100000, 0x00000000e6100000|100%| O|  |TAMS 0x00000000e6100000, 0x00000000e6100000| Untracked 
|  97|0x00000000e6100000, 0x00000000e6200000, 0x00000000e6200000|100%| O|  |TAMS 0x00000000e6200000, 0x00000000e6200000| Untracked 
|  98|0x00000000e6200000, 0x00000000e6300000, 0x00000000e6300000|100%| O|  |TAMS 0x00000000e6300000, 0x00000000e6300000| Untracked 
|  99|0x00000000e6300000, 0x00000000e6400000, 0x00000000e6400000|100%| O|  |TAMS 0x00000000e6400000, 0x00000000e6400000| Untracked 
| 100|0x00000000e6400000, 0x00000000e6500000, 0x00000000e6500000|100%| O|  |TAMS 0x00000000e6500000, 0x00000000e6500000| Untracked 
| 101|0x00000000e6500000, 0x00000000e6600000, 0x00000000e6600000|100%| O|  |TAMS 0x00000000e6600000, 0x00000000e6600000| Untracked 
| 102|0x00000000e6600000, 0x00000000e6700000, 0x00000000e6700000|100%| O|  |TAMS 0x00000000e6600000, 0x00000000e6700000| Untracked 
| 103|0x00000000e6700000, 0x00000000e6800000, 0x00000000e6800000|100%|HS|  |TAMS 0x00000000e6700000, 0x00000000e6800000| Complete 
| 104|0x00000000e6800000, 0x00000000e6900000, 0x00000000e6900000|100%| O|  |TAMS 0x00000000e6900000, 0x00000000e6900000| Untracked 
| 105|0x00000000e6900000, 0x00000000e6a00000, 0x00000000e6a00000|100%| O|  |TAMS 0x00000000e6a00000, 0x00000000e6a00000| Untracked 
| 106|0x00000000e6a00000, 0x00000000e6b00000, 0x00000000e6b00000|100%| O|  |TAMS 0x00000000e6b00000, 0x00000000e6b00000| Untracked 
| 107|0x00000000e6b00000, 0x00000000e6c00000, 0x00000000e6c00000|100%| O|  |TAMS 0x00000000e6c00000, 0x00000000e6c00000| Untracked 
| 108|0x00000000e6c00000, 0x00000000e6d00000, 0x00000000e6d00000|100%| O|  |TAMS 0x00000000e6d00000, 0x00000000e6d00000| Untracked 
| 109|0x00000000e6d00000, 0x00000000e6e00000, 0x00000000e6e00000|100%| O|  |TAMS 0x00000000e6e00000, 0x00000000e6e00000| Untracked 
| 110|0x00000000e6e00000, 0x00000000e6f00000, 0x00000000e6f00000|100%| O|  |TAMS 0x00000000e6f00000, 0x00000000e6f00000| Untracked 
| 111|0x00000000e6f00000, 0x00000000e7000000, 0x00000000e7000000|100%| O|  |TAMS 0x00000000e7000000, 0x00000000e7000000| Untracked 
| 112|0x00000000e7000000, 0x00000000e7100000, 0x00000000e7100000|100%| O|  |TAMS 0x00000000e7100000, 0x00000000e7100000| Untracked 
| 113|0x00000000e7100000, 0x00000000e7200000, 0x00000000e7200000|100%| O|  |TAMS 0x00000000e7200000, 0x00000000e7200000| Untracked 
| 114|0x00000000e7200000, 0x00000000e7300000, 0x00000000e7300000|100%| O|  |TAMS 0x00000000e7300000, 0x00000000e7300000| Untracked 
| 115|0x00000000e7300000, 0x00000000e7400000, 0x00000000e7400000|100%| O|  |TAMS 0x00000000e7400000, 0x00000000e7400000| Untracked 
| 116|0x00000000e7400000, 0x00000000e7500000, 0x00000000e7500000|100%| O|  |TAMS 0x00000000e7500000, 0x00000000e7500000| Untracked 
| 117|0x00000000e7500000, 0x00000000e7600000, 0x00000000e7600000|100%| O|  |TAMS 0x00000000e7600000, 0x00000000e7600000| Untracked 
| 118|0x00000000e7600000, 0x00000000e7700000, 0x00000000e7700000|100%| O|  |TAMS 0x00000000e7700000, 0x00000000e7700000| Untracked 
| 119|0x00000000e7700000, 0x00000000e7800000, 0x00000000e7800000|100%| O|  |TAMS 0x00000000e7800000, 0x00000000e7800000| Untracked 
| 120|0x00000000e7800000, 0x00000000e7900000, 0x00000000e7900000|100%| O|  |TAMS 0x00000000e7900000, 0x00000000e7900000| Untracked 
| 121|0x00000000e7900000, 0x00000000e7a00000, 0x00000000e7a00000|100%| O|  |TAMS 0x00000000e7a00000, 0x00000000e7a00000| Untracked 
| 122|0x00000000e7a00000, 0x00000000e7b00000, 0x00000000e7b00000|100%| O|  |TAMS 0x00000000e7b00000, 0x00000000e7b00000| Untracked 
| 123|0x00000000e7b00000, 0x00000000e7c00000, 0x00000000e7c00000|100%| O|  |TAMS 0x00000000e7c00000, 0x00000000e7c00000| Untracked 
| 124|0x00000000e7c00000, 0x00000000e7d00000, 0x00000000e7d00000|100%| O|  |TAMS 0x00000000e7d00000, 0x00000000e7d00000| Untracked 
| 125|0x00000000e7d00000, 0x00000000e7e00000, 0x00000000e7e00000|100%| O|  |TAMS 0x00000000e7e00000, 0x00000000e7e00000| Untracked 
| 126|0x00000000e7e00000, 0x00000000e7f00000, 0x00000000e7f00000|100%| O|  |TAMS 0x00000000e7f00000, 0x00000000e7f00000| Untracked 
| 127|0x00000000e7f00000, 0x00000000e8000000, 0x00000000e8000000|100%| O|  |TAMS 0x00000000e8000000, 0x00000000e8000000| Untracked 
| 128|0x00000000e8000000, 0x00000000e8100000, 0x00000000e8100000|100%| O|  |TAMS 0x00000000e8100000, 0x00000000e8100000| Untracked 
| 129|0x00000000e8100000, 0x00000000e8200000, 0x00000000e8200000|100%| O|  |TAMS 0x00000000e8200000, 0x00000000e8200000| Untracked 
| 130|0x00000000e8200000, 0x00000000e8300000, 0x00000000e8300000|100%| O|  |TAMS 0x00000000e8300000, 0x00000000e8300000| Untracked 
| 131|0x00000000e8300000, 0x00000000e8400000, 0x00000000e8400000|100%| O|  |TAMS 0x00000000e8400000, 0x00000000e8400000| Untracked 
| 132|0x00000000e8400000, 0x00000000e8500000, 0x00000000e8500000|100%| O|  |TAMS 0x00000000e8500000, 0x00000000e8500000| Untracked 
| 133|0x00000000e8500000, 0x00000000e8600000, 0x00000000e8600000|100%| O|  |TAMS 0x00000000e8600000, 0x00000000e8600000| Untracked 
| 134|0x00000000e8600000, 0x00000000e8700000, 0x00000000e8700000|100%| O|  |TAMS 0x00000000e86a9600, 0x00000000e8700000| Untracked 
| 135|0x00000000e8700000, 0x00000000e8800000, 0x00000000e8800000|100%|HS|  |TAMS 0x00000000e8700000, 0x00000000e8800000| Complete 
| 136|0x00000000e8800000, 0x00000000e8900000, 0x00000000e8900000|100%|HC|  |TAMS 0x00000000e8800000, 0x00000000e8900000| Complete 
| 137|0x00000000e8900000, 0x00000000e8a00000, 0x00000000e8a00000|100%|HS|  |TAMS 0x00000000e8a00000, 0x00000000e8a00000| Complete 
| 138|0x00000000e8a00000, 0x00000000e8b00000, 0x00000000e8b00000|100%|HC|  |TAMS 0x00000000e8b00000, 0x00000000e8b00000| Complete 
| 139|0x00000000e8b00000, 0x00000000e8c00000, 0x00000000e8c00000|100%|HC|  |TAMS 0x00000000e8c00000, 0x00000000e8c00000| Complete 
| 140|0x00000000e8c00000, 0x00000000e8d00000, 0x00000000e8d00000|100%|HC|  |TAMS 0x00000000e8d00000, 0x00000000e8d00000| Complete 
| 141|0x00000000e8d00000, 0x00000000e8e00000, 0x00000000e8e00000|100%|HS|  |TAMS 0x00000000e8e00000, 0x00000000e8e00000| Complete 
| 142|0x00000000e8e00000, 0x00000000e8f00000, 0x00000000e8f00000|100%|HS|  |TAMS 0x00000000e8f00000, 0x00000000e8f00000| Complete 
| 143|0x00000000e8f00000, 0x00000000e9000000, 0x00000000e9000000|100%|HC|  |TAMS 0x00000000e9000000, 0x00000000e9000000| Complete 
| 144|0x00000000e9000000, 0x00000000e9100000, 0x00000000e9100000|100%|HC|  |TAMS 0x00000000e9100000, 0x00000000e9100000| Complete 
| 145|0x00000000e9100000, 0x00000000e9200000, 0x00000000e9200000|100%|HC|  |TAMS 0x00000000e9200000, 0x00000000e9200000| Complete 
| 146|0x00000000e9200000, 0x00000000e9300000, 0x00000000e9300000|100%|HS|  |TAMS 0x00000000e9300000, 0x00000000e9300000| Complete 
| 147|0x00000000e9300000, 0x00000000e9400000, 0x00000000e9400000|100%|HS|  |TAMS 0x00000000e9400000, 0x00000000e9400000| Complete 
| 148|0x00000000e9400000, 0x00000000e9500000, 0x00000000e9500000|100%|HS|  |TAMS 0x00000000e9500000, 0x00000000e9500000| Complete 
| 149|0x00000000e9500000, 0x00000000e9600000, 0x00000000e9600000|100%|HS|  |TAMS 0x00000000e9600000, 0x00000000e9600000| Complete 
| 150|0x00000000e9600000, 0x00000000e9700000, 0x00000000e9700000|100%|HC|  |TAMS 0x00000000e9700000, 0x00000000e9700000| Complete 
| 151|0x00000000e9700000, 0x00000000e9800000, 0x00000000e9800000|100%|HC|  |TAMS 0x00000000e9800000, 0x00000000e9800000| Complete 
| 152|0x00000000e9800000, 0x00000000e9900000, 0x00000000e9900000|100%|HS|  |TAMS 0x00000000e9900000, 0x00000000e9900000| Complete 
| 153|0x00000000e9900000, 0x00000000e9a00000, 0x00000000e9a00000|100%|HC|  |TAMS 0x00000000e9a00000, 0x00000000e9a00000| Complete 
| 154|0x00000000e9a00000, 0x00000000e9b00000, 0x00000000e9b00000|100%|HS|  |TAMS 0x00000000e9b00000, 0x00000000e9b00000| Complete 
| 155|0x00000000e9b00000, 0x00000000e9c00000, 0x00000000e9c00000|100%|HC|  |TAMS 0x00000000e9c00000, 0x00000000e9c00000| Complete 
| 156|0x00000000e9c00000, 0x00000000e9d00000, 0x00000000e9d00000|100%| O|  |TAMS 0x00000000e9c00000, 0x00000000e9d00000| Untracked 
| 157|0x00000000e9d00000, 0x00000000e9e00000, 0x00000000e9e00000|100%| O|  |TAMS 0x00000000e9d00000, 0x00000000e9e00000| Untracked 
| 158|0x00000000e9e00000, 0x00000000e9f00000, 0x00000000e9f00000|100%| O|  |TAMS 0x00000000e9e00000, 0x00000000e9f00000| Untracked 
| 159|0x00000000e9f00000, 0x00000000ea000000, 0x00000000ea000000|100%|HS|  |TAMS 0x00000000e9f00000, 0x00000000ea000000| Complete 
| 160|0x00000000ea000000, 0x00000000ea100000, 0x00000000ea100000|100%|HS|  |TAMS 0x00000000ea000000, 0x00000000ea100000| Complete 
| 161|0x00000000ea100000, 0x00000000ea200000, 0x00000000ea200000|100%|HC|  |TAMS 0x00000000ea100000, 0x00000000ea200000| Complete 
| 162|0x00000000ea200000, 0x00000000ea300000, 0x00000000ea300000|100%|HS|  |TAMS 0x00000000ea200000, 0x00000000ea300000| Complete 
| 163|0x00000000ea300000, 0x00000000ea400000, 0x00000000ea400000|100%|HC|  |TAMS 0x00000000ea300000, 0x00000000ea400000| Complete 
| 164|0x00000000ea400000, 0x00000000ea500000, 0x00000000ea500000|100%|HC|  |TAMS 0x00000000ea400000, 0x00000000ea500000| Complete 
| 165|0x00000000ea500000, 0x00000000ea600000, 0x00000000ea600000|100%| O|  |TAMS 0x00000000ea500000, 0x00000000ea600000| Untracked 
| 166|0x00000000ea600000, 0x00000000ea700000, 0x00000000ea700000|100%| O|  |TAMS 0x00000000ea600000, 0x00000000ea700000| Untracked 
| 167|0x00000000ea700000, 0x00000000ea800000, 0x00000000ea800000|100%| O|  |TAMS 0x00000000ea700000, 0x00000000ea800000| Untracked 
| 168|0x00000000ea800000, 0x00000000ea900000, 0x00000000ea900000|100%| O|  |TAMS 0x00000000ea800000, 0x00000000ea900000| Untracked 
| 169|0x00000000ea900000, 0x00000000eaa00000, 0x00000000eaa00000|100%| O|  |TAMS 0x00000000ea900000, 0x00000000eaa00000| Untracked 
| 170|0x00000000eaa00000, 0x00000000eab00000, 0x00000000eab00000|100%| O|  |TAMS 0x00000000eaa00000, 0x00000000eab00000| Untracked 
| 171|0x00000000eab00000, 0x00000000eac00000, 0x00000000eac00000|100%|HS|  |TAMS 0x00000000eab00000, 0x00000000eac00000| Complete 
| 172|0x00000000eac00000, 0x00000000ead00000, 0x00000000ead00000|100%|HC|  |TAMS 0x00000000eac00000, 0x00000000ead00000| Complete 
| 173|0x00000000ead00000, 0x00000000eae00000, 0x00000000eae00000|100%|HC|  |TAMS 0x00000000ead00000, 0x00000000eae00000| Complete 
| 174|0x00000000eae00000, 0x00000000eaf00000, 0x00000000eaf00000|100%|HC|  |TAMS 0x00000000eae00000, 0x00000000eaf00000| Complete 
| 175|0x00000000eaf00000, 0x00000000eb000000, 0x00000000eb000000|100%| O|  |TAMS 0x00000000eaf00000, 0x00000000eb000000| Untracked 
| 176|0x00000000eb000000, 0x00000000eb100000, 0x00000000eb100000|100%|HS|  |TAMS 0x00000000eb000000, 0x00000000eb100000| Complete 
| 177|0x00000000eb100000, 0x00000000eb200000, 0x00000000eb200000|100%| O|  |TAMS 0x00000000eb100000, 0x00000000eb200000| Untracked 
| 178|0x00000000eb200000, 0x00000000eb300000, 0x00000000eb300000|100%| O|  |TAMS 0x00000000eb200000, 0x00000000eb300000| Untracked 
| 179|0x00000000eb300000, 0x00000000eb400000, 0x00000000eb400000|100%|HS|  |TAMS 0x00000000eb300000, 0x00000000eb400000| Complete 
| 180|0x00000000eb400000, 0x00000000eb500000, 0x00000000eb500000|100%|HC|  |TAMS 0x00000000eb400000, 0x00000000eb500000| Complete 
| 181|0x00000000eb500000, 0x00000000eb600000, 0x00000000eb600000|100%| O|  |TAMS 0x00000000eb500000, 0x00000000eb600000| Untracked 
| 182|0x00000000eb600000, 0x00000000eb700000, 0x00000000eb700000|100%|HS|  |TAMS 0x00000000eb600000, 0x00000000eb700000| Complete 
| 183|0x00000000eb700000, 0x00000000eb800000, 0x00000000eb800000|100%|HC|  |TAMS 0x00000000eb700000, 0x00000000eb800000| Complete 
| 184|0x00000000eb800000, 0x00000000eb900000, 0x00000000eb900000|100%|HC|  |TAMS 0x00000000eb800000, 0x00000000eb900000| Complete 
| 185|0x00000000eb900000, 0x00000000eba00000, 0x00000000eba00000|100%|HC|  |TAMS 0x00000000eb900000, 0x00000000eba00000| Complete 
| 186|0x00000000eba00000, 0x00000000ebb00000, 0x00000000ebb00000|100%| O|  |TAMS 0x00000000eba00000, 0x00000000ebb00000| Untracked 
| 187|0x00000000ebb00000, 0x00000000ebc00000, 0x00000000ebc00000|100%|HS|  |TAMS 0x00000000ebb00000, 0x00000000ebc00000| Complete 
| 188|0x00000000ebc00000, 0x00000000ebd00000, 0x00000000ebd00000|100%| O|  |TAMS 0x00000000ebc00000, 0x00000000ebd00000| Untracked 
| 189|0x00000000ebd00000, 0x00000000ebe00000, 0x00000000ebe00000|100%|HS|  |TAMS 0x00000000ebd00000, 0x00000000ebe00000| Complete 
| 190|0x00000000ebe00000, 0x00000000ebf00000, 0x00000000ebf00000|100%| O|  |TAMS 0x00000000ebe00000, 0x00000000ebf00000| Untracked 
| 191|0x00000000ebf00000, 0x00000000ec000000, 0x00000000ec000000|100%|HS|  |TAMS 0x00000000ebf00000, 0x00000000ec000000| Complete 
| 192|0x00000000ec000000, 0x00000000ec100000, 0x00000000ec100000|100%| O|  |TAMS 0x00000000ec000000, 0x00000000ec100000| Untracked 
| 193|0x00000000ec100000, 0x00000000ec200000, 0x00000000ec200000|100%| O|  |TAMS 0x00000000ec100000, 0x00000000ec200000| Untracked 
| 194|0x00000000ec200000, 0x00000000ec300000, 0x00000000ec300000|100%| O|  |TAMS 0x00000000ec200000, 0x00000000ec300000| Untracked 
| 195|0x00000000ec300000, 0x00000000ec400000, 0x00000000ec400000|100%| O|  |TAMS 0x00000000ec300000, 0x00000000ec400000| Untracked 
| 196|0x00000000ec400000, 0x00000000ec500000, 0x00000000ec500000|100%| O|  |TAMS 0x00000000ec400000, 0x00000000ec500000| Untracked 
| 197|0x00000000ec500000, 0x00000000ec600000, 0x00000000ec600000|100%| O|  |TAMS 0x00000000ec500000, 0x00000000ec600000| Untracked 
| 198|0x00000000ec600000, 0x00000000ec700000, 0x00000000ec700000|100%|HS|  |TAMS 0x00000000ec600000, 0x00000000ec700000| Complete 
| 199|0x00000000ec700000, 0x00000000ec800000, 0x00000000ec800000|100%|HC|  |TAMS 0x00000000ec700000, 0x00000000ec800000| Complete 
| 200|0x00000000ec800000, 0x00000000ec900000, 0x00000000ec900000|100%|HC|  |TAMS 0x00000000ec800000, 0x00000000ec900000| Complete 
| 201|0x00000000ec900000, 0x00000000eca00000, 0x00000000eca00000|100%| O|  |TAMS 0x00000000ec900000, 0x00000000eca00000| Untracked 
| 202|0x00000000eca00000, 0x00000000ecb00000, 0x00000000ecb00000|100%| O|  |TAMS 0x00000000eca00000, 0x00000000ecb00000| Untracked 
| 203|0x00000000ecb00000, 0x00000000ecc00000, 0x00000000ecc00000|100%| O|  |TAMS 0x00000000ecb00000, 0x00000000ecc00000| Untracked 
| 204|0x00000000ecc00000, 0x00000000ecd00000, 0x00000000ecd00000|100%|HS|  |TAMS 0x00000000ecc00000, 0x00000000ecd00000| Complete 
| 205|0x00000000ecd00000, 0x00000000ece00000, 0x00000000ece00000|100%|HC|  |TAMS 0x00000000ecd00000, 0x00000000ece00000| Complete 
| 206|0x00000000ece00000, 0x00000000ecf00000, 0x00000000ecf00000|100%| O|  |TAMS 0x00000000ece00000, 0x00000000ecf00000| Untracked 
| 207|0x00000000ecf00000, 0x00000000ed000000, 0x00000000ed000000|100%| O|  |TAMS 0x00000000ecf00000, 0x00000000ed000000| Untracked 
| 208|0x00000000ed000000, 0x00000000ed100000, 0x00000000ed100000|100%| O|  |TAMS 0x00000000ed000000, 0x00000000ed100000| Untracked 
| 209|0x00000000ed100000, 0x00000000ed200000, 0x00000000ed200000|100%|HS|  |TAMS 0x00000000ed100000, 0x00000000ed200000| Complete 
| 210|0x00000000ed200000, 0x00000000ed300000, 0x00000000ed300000|100%|HC|  |TAMS 0x00000000ed200000, 0x00000000ed300000| Complete 
| 211|0x00000000ed300000, 0x00000000ed400000, 0x00000000ed400000|100%| O|  |TAMS 0x00000000ed300000, 0x00000000ed400000| Untracked 
| 212|0x00000000ed400000, 0x00000000ed500000, 0x00000000ed500000|100%| O|  |TAMS 0x00000000ed400000, 0x00000000ed500000| Untracked 
| 213|0x00000000ed500000, 0x00000000ed600000, 0x00000000ed600000|100%| O|  |TAMS 0x00000000ed500000, 0x00000000ed600000| Untracked 
| 214|0x00000000ed600000, 0x00000000ed700000, 0x00000000ed700000|100%|HS|  |TAMS 0x00000000ed600000, 0x00000000ed700000| Complete 
| 215|0x00000000ed700000, 0x00000000ed800000, 0x00000000ed800000|100%|HC|  |TAMS 0x00000000ed700000, 0x00000000ed800000| Complete 
| 216|0x00000000ed800000, 0x00000000ed900000, 0x00000000ed900000|100%| O|  |TAMS 0x00000000ed800000, 0x00000000ed900000| Untracked 
| 217|0x00000000ed900000, 0x00000000eda00000, 0x00000000eda00000|100%|HS|  |TAMS 0x00000000ed900000, 0x00000000eda00000| Complete 
| 218|0x00000000eda00000, 0x00000000edb00000, 0x00000000edb00000|100%| O|  |TAMS 0x00000000eda00000, 0x00000000edb00000| Untracked 
| 219|0x00000000edb00000, 0x00000000edc00000, 0x00000000edc00000|100%| O|  |TAMS 0x00000000edb00000, 0x00000000edc00000| Untracked 
| 220|0x00000000edc00000, 0x00000000edd00000, 0x00000000edd00000|100%| O|  |TAMS 0x00000000edc00000, 0x00000000edd00000| Untracked 
| 221|0x00000000edd00000, 0x00000000ede00000, 0x00000000ede00000|100%| O|  |TAMS 0x00000000edd00000, 0x00000000ede00000| Untracked 
| 222|0x00000000ede00000, 0x00000000edf00000, 0x00000000edf00000|100%| O|  |TAMS 0x00000000ede00000, 0x00000000edf00000| Untracked 
| 223|0x00000000edf00000, 0x00000000ee000000, 0x00000000ee000000|100%| O|  |TAMS 0x00000000edf00000, 0x00000000edf3a000| Untracked 
| 224|0x00000000ee000000, 0x00000000ee100000, 0x00000000ee100000|100%| O|  |TAMS 0x00000000ee000000, 0x00000000ee000000| Untracked 
| 225|0x00000000ee100000, 0x00000000ee200000, 0x00000000ee200000|100%|HS|  |TAMS 0x00000000ee100000, 0x00000000ee200000| Complete 
| 226|0x00000000ee200000, 0x00000000ee300000, 0x00000000ee300000|100%|HC|  |TAMS 0x00000000ee200000, 0x00000000ee300000| Complete 
| 227|0x00000000ee300000, 0x00000000ee400000, 0x00000000ee400000|100%| O|  |TAMS 0x00000000ee300000, 0x00000000ee300000| Untracked 
| 228|0x00000000ee400000, 0x00000000ee500000, 0x00000000ee500000|100%| O|  |TAMS 0x00000000ee400000, 0x00000000ee400000| Untracked 
| 229|0x00000000ee500000, 0x00000000ee600000, 0x00000000ee600000|100%| O|  |TAMS 0x00000000ee500000, 0x00000000ee500000| Untracked 
| 230|0x00000000ee600000, 0x00000000ee700000, 0x00000000ee700000|100%| O|  |TAMS 0x00000000ee600000, 0x00000000ee600000| Untracked 
| 231|0x00000000ee700000, 0x00000000ee800000, 0x00000000ee800000|100%| O|  |TAMS 0x00000000ee700000, 0x00000000ee700000| Untracked 
| 232|0x00000000ee800000, 0x00000000ee900000, 0x00000000ee900000|100%| O|  |TAMS 0x00000000ee800000, 0x00000000ee800000| Untracked 
| 233|0x00000000ee900000, 0x00000000eea00000, 0x00000000eea00000|100%|HS|  |TAMS 0x00000000ee900000, 0x00000000eea00000| Complete 
| 234|0x00000000eea00000, 0x00000000eeb00000, 0x00000000eeb00000|100%|HC|  |TAMS 0x00000000eea00000, 0x00000000eeb00000| Complete 
| 235|0x00000000eeb00000, 0x00000000eec00000, 0x00000000eec00000|100%|HC|  |TAMS 0x00000000eeb00000, 0x00000000eec00000| Complete 
| 236|0x00000000eec00000, 0x00000000eed00000, 0x00000000eed00000|100%| O|  |TAMS 0x00000000eec00000, 0x00000000eed00000| Untracked 
| 237|0x00000000eed00000, 0x00000000eee00000, 0x00000000eee00000|100%| O|  |TAMS 0x00000000eed00000, 0x00000000eee00000| Untracked 
| 238|0x00000000eee00000, 0x00000000eef00000, 0x00000000eef00000|100%| O|  |TAMS 0x00000000eee00000, 0x00000000eef00000| Untracked 
| 239|0x00000000eef00000, 0x00000000ef000000, 0x00000000ef000000|100%| O|  |TAMS 0x00000000eef00000, 0x00000000ef000000| Untracked 
| 240|0x00000000ef000000, 0x00000000ef100000, 0x00000000ef100000|100%| O|  |TAMS 0x00000000ef000000, 0x00000000ef100000| Untracked 
| 241|0x00000000ef100000, 0x00000000ef200000, 0x00000000ef200000|100%| O|  |TAMS 0x00000000ef100000, 0x00000000ef200000| Untracked 
| 242|0x00000000ef200000, 0x00000000ef300000, 0x00000000ef300000|100%| O|  |TAMS 0x00000000ef200000, 0x00000000ef300000| Untracked 
| 243|0x00000000ef300000, 0x00000000ef400000, 0x00000000ef400000|100%| O|  |TAMS 0x00000000ef300000, 0x00000000ef400000| Untracked 
| 244|0x00000000ef400000, 0x00000000ef500000, 0x00000000ef500000|100%| O|  |TAMS 0x00000000ef400000, 0x00000000ef500000| Untracked 
| 245|0x00000000ef500000, 0x00000000ef600000, 0x00000000ef600000|100%| O|  |TAMS 0x00000000ef500000, 0x00000000ef600000| Untracked 
| 246|0x00000000ef600000, 0x00000000ef700000, 0x00000000ef700000|100%| O|  |TAMS 0x00000000ef600000, 0x00000000ef700000| Untracked 
| 247|0x00000000ef700000, 0x00000000ef800000, 0x00000000ef800000|100%| O|  |TAMS 0x00000000ef700000, 0x00000000ef800000| Untracked 
| 248|0x00000000ef800000, 0x00000000ef900000, 0x00000000ef900000|100%| O|  |TAMS 0x00000000ef800000, 0x00000000ef800000| Untracked 
| 249|0x00000000ef900000, 0x00000000efa00000, 0x00000000efa00000|100%| O|  |TAMS 0x00000000ef900000, 0x00000000ef900000| Untracked 
| 250|0x00000000efa00000, 0x00000000efb00000, 0x00000000efb00000|100%| O|  |TAMS 0x00000000efa00000, 0x00000000efa00000| Untracked 
| 251|0x00000000efb00000, 0x00000000efc00000, 0x00000000efc00000|100%| O|  |TAMS 0x00000000efb00000, 0x00000000efb00000| Untracked 
| 252|0x00000000efc00000, 0x00000000efd00000, 0x00000000efd00000|100%| O|  |TAMS 0x00000000efc00000, 0x00000000efc00000| Untracked 
| 253|0x00000000efd00000, 0x00000000efe00000, 0x00000000efe00000|100%| O|  |TAMS 0x00000000efd00000, 0x00000000efd00000| Untracked 
| 254|0x00000000efe00000, 0x00000000eff00000, 0x00000000eff00000|100%| O|  |TAMS 0x00000000efe00000, 0x00000000efe00000| Untracked 
| 255|0x00000000eff00000, 0x00000000f0000000, 0x00000000f0000000|100%| O|  |TAMS 0x00000000eff00000, 0x00000000eff00000| Untracked 
| 256|0x00000000f0000000, 0x00000000f0100000, 0x00000000f0100000|100%| O|  |TAMS 0x00000000f0000000, 0x00000000f0100000| Untracked 
| 257|0x00000000f0100000, 0x00000000f0200000, 0x00000000f0200000|100%| O|  |TAMS 0x00000000f0100000, 0x00000000f0200000| Untracked 
| 258|0x00000000f0200000, 0x00000000f0300000, 0x00000000f0300000|100%| O|  |TAMS 0x00000000f0200000, 0x00000000f0200000| Untracked 
| 259|0x00000000f0300000, 0x00000000f0400000, 0x00000000f0400000|100%| O|  |TAMS 0x00000000f0300000, 0x00000000f0300000| Untracked 
| 260|0x00000000f0400000, 0x00000000f0500000, 0x00000000f0500000|100%| O|  |TAMS 0x00000000f0400000, 0x00000000f0400000| Untracked 
| 261|0x00000000f0500000, 0x00000000f0600000, 0x00000000f0600000|100%| O|  |TAMS 0x00000000f0500000, 0x00000000f0500000| Untracked 
| 262|0x00000000f0600000, 0x00000000f0670e00, 0x00000000f0700000| 44%| O|  |TAMS 0x00000000f0600000, 0x00000000f0600000| Untracked 
| 263|0x00000000f0700000, 0x00000000f0700000, 0x00000000f0800000|  0%| F|  |TAMS 0x00000000f0700000, 0x00000000f0700000| Untracked 
| 264|0x00000000f0800000, 0x00000000f0800000, 0x00000000f0900000|  0%| F|  |TAMS 0x00000000f0800000, 0x00000000f0800000| Untracked 
| 265|0x00000000f0900000, 0x00000000f0900000, 0x00000000f0a00000|  0%| F|  |TAMS 0x00000000f0900000, 0x00000000f0900000| Untracked 
| 266|0x00000000f0a00000, 0x00000000f0a00000, 0x00000000f0b00000|  0%| F|  |TAMS 0x00000000f0a00000, 0x00000000f0a00000| Untracked 
| 267|0x00000000f0b00000, 0x00000000f0b00000, 0x00000000f0c00000|  0%| F|  |TAMS 0x00000000f0b00000, 0x00000000f0b00000| Untracked 
| 268|0x00000000f0c00000, 0x00000000f0c00000, 0x00000000f0d00000|  0%| F|  |TAMS 0x00000000f0c00000, 0x00000000f0c00000| Untracked 
| 269|0x00000000f0d00000, 0x00000000f0d00000, 0x00000000f0e00000|  0%| F|  |TAMS 0x00000000f0d00000, 0x00000000f0d00000| Untracked 
| 270|0x00000000f0e00000, 0x00000000f0e00000, 0x00000000f0f00000|  0%| F|  |TAMS 0x00000000f0e00000, 0x00000000f0e00000| Untracked 
| 271|0x00000000f0f00000, 0x00000000f0f00000, 0x00000000f1000000|  0%| F|  |TAMS 0x00000000f0f00000, 0x00000000f0f00000| Untracked 
| 272|0x00000000f1000000, 0x00000000f1000000, 0x00000000f1100000|  0%| F|  |TAMS 0x00000000f1000000, 0x00000000f1000000| Untracked 
| 273|0x00000000f1100000, 0x00000000f1100000, 0x00000000f1200000|  0%| F|  |TAMS 0x00000000f1100000, 0x00000000f1100000| Untracked 
| 274|0x00000000f1200000, 0x00000000f1200000, 0x00000000f1300000|  0%| F|  |TAMS 0x00000000f1200000, 0x00000000f1200000| Untracked 
| 275|0x00000000f1300000, 0x00000000f1300000, 0x00000000f1400000|  0%| F|  |TAMS 0x00000000f1300000, 0x00000000f1300000| Untracked 
| 276|0x00000000f1400000, 0x00000000f1400000, 0x00000000f1500000|  0%| F|  |TAMS 0x00000000f1400000, 0x00000000f1400000| Untracked 
| 277|0x00000000f1500000, 0x00000000f1500000, 0x00000000f1600000|  0%| F|  |TAMS 0x00000000f1500000, 0x00000000f1500000| Untracked 
| 278|0x00000000f1600000, 0x00000000f1600000, 0x00000000f1700000|  0%| F|  |TAMS 0x00000000f1600000, 0x00000000f1600000| Untracked 
| 279|0x00000000f1700000, 0x00000000f1700000, 0x00000000f1800000|  0%| F|  |TAMS 0x00000000f1700000, 0x00000000f1700000| Untracked 
| 280|0x00000000f1800000, 0x00000000f1800000, 0x00000000f1900000|  0%| F|  |TAMS 0x00000000f1800000, 0x00000000f1800000| Untracked 
| 281|0x00000000f1900000, 0x00000000f1900000, 0x00000000f1a00000|  0%| F|  |TAMS 0x00000000f1900000, 0x00000000f1900000| Untracked 
| 282|0x00000000f1a00000, 0x00000000f1a00000, 0x00000000f1b00000|  0%| F|  |TAMS 0x00000000f1a00000, 0x00000000f1a00000| Untracked 
| 283|0x00000000f1b00000, 0x00000000f1b00000, 0x00000000f1c00000|  0%| F|  |TAMS 0x00000000f1b00000, 0x00000000f1b00000| Untracked 
| 284|0x00000000f1c00000, 0x00000000f1c00000, 0x00000000f1d00000|  0%| F|  |TAMS 0x00000000f1c00000, 0x00000000f1c00000| Untracked 
| 285|0x00000000f1d00000, 0x00000000f1d00000, 0x00000000f1e00000|  0%| F|  |TAMS 0x00000000f1d00000, 0x00000000f1d00000| Untracked 
| 286|0x00000000f1e00000, 0x00000000f1e00000, 0x00000000f1f00000|  0%| F|  |TAMS 0x00000000f1e00000, 0x00000000f1e00000| Untracked 
| 287|0x00000000f1f00000, 0x00000000f1f00000, 0x00000000f2000000|  0%| F|  |TAMS 0x00000000f1f00000, 0x00000000f1f00000| Untracked 
| 288|0x00000000f2000000, 0x00000000f2000000, 0x00000000f2100000|  0%| F|  |TAMS 0x00000000f2000000, 0x00000000f2000000| Untracked 
| 289|0x00000000f2100000, 0x00000000f2100000, 0x00000000f2200000|  0%| F|  |TAMS 0x00000000f2100000, 0x00000000f2100000| Untracked 
| 290|0x00000000f2200000, 0x00000000f2200000, 0x00000000f2300000|  0%| F|  |TAMS 0x00000000f2200000, 0x00000000f2200000| Untracked 
| 291|0x00000000f2300000, 0x00000000f2300000, 0x00000000f2400000|  0%| F|  |TAMS 0x00000000f2300000, 0x00000000f2300000| Untracked 
| 292|0x00000000f2400000, 0x00000000f2400000, 0x00000000f2500000|  0%| F|  |TAMS 0x00000000f2400000, 0x00000000f2400000| Untracked 
| 293|0x00000000f2500000, 0x00000000f2500000, 0x00000000f2600000|  0%| F|  |TAMS 0x00000000f2500000, 0x00000000f2500000| Untracked 
| 294|0x00000000f2600000, 0x00000000f2600000, 0x00000000f2700000|  0%| F|  |TAMS 0x00000000f2600000, 0x00000000f2600000| Untracked 
| 295|0x00000000f2700000, 0x00000000f2700000, 0x00000000f2800000|  0%| F|  |TAMS 0x00000000f2700000, 0x00000000f2700000| Untracked 
| 296|0x00000000f2800000, 0x00000000f2800000, 0x00000000f2900000|  0%| F|  |TAMS 0x00000000f2800000, 0x00000000f2800000| Untracked 
| 297|0x00000000f2900000, 0x00000000f2900000, 0x00000000f2a00000|  0%| F|  |TAMS 0x00000000f2900000, 0x00000000f2900000| Untracked 
| 298|0x00000000f2a00000, 0x00000000f2a00000, 0x00000000f2b00000|  0%| F|  |TAMS 0x00000000f2a00000, 0x00000000f2a00000| Untracked 
| 299|0x00000000f2b00000, 0x00000000f2b00000, 0x00000000f2c00000|  0%| F|  |TAMS 0x00000000f2b00000, 0x00000000f2b00000| Untracked 
| 300|0x00000000f2c00000, 0x00000000f2d00000, 0x00000000f2d00000|100%| S|CS|TAMS 0x00000000f2c00000, 0x00000000f2c00000| Complete 
| 301|0x00000000f2d00000, 0x00000000f2e00000, 0x00000000f2e00000|100%| S|CS|TAMS 0x00000000f2d00000, 0x00000000f2d00000| Complete 
| 302|0x00000000f2e00000, 0x00000000f2e00000, 0x00000000f2f00000|  0%| F|  |TAMS 0x00000000f2e00000, 0x00000000f2e00000| Untracked 
| 303|0x00000000f2f00000, 0x00000000f2f00000, 0x00000000f3000000|  0%| F|  |TAMS 0x00000000f2f00000, 0x00000000f2f00000| Untracked 
| 304|0x00000000f3000000, 0x00000000f3000000, 0x00000000f3100000|  0%| F|  |TAMS 0x00000000f3000000, 0x00000000f3000000| Untracked 
| 305|0x00000000f3100000, 0x00000000f3100000, 0x00000000f3200000|  0%| F|  |TAMS 0x00000000f3100000, 0x00000000f3100000| Untracked 
| 306|0x00000000f3200000, 0x00000000f3200000, 0x00000000f3300000|  0%| F|  |TAMS 0x00000000f3200000, 0x00000000f3200000| Untracked 
| 307|0x00000000f3300000, 0x00000000f3300000, 0x00000000f3400000|  0%| F|  |TAMS 0x00000000f3300000, 0x00000000f3300000| Untracked 
| 308|0x00000000f3400000, 0x00000000f3400000, 0x00000000f3500000|  0%| F|  |TAMS 0x00000000f3400000, 0x00000000f3400000| Untracked 
| 309|0x00000000f3500000, 0x00000000f3500000, 0x00000000f3600000|  0%| F|  |TAMS 0x00000000f3500000, 0x00000000f3500000| Untracked 
| 310|0x00000000f3600000, 0x00000000f3600000, 0x00000000f3700000|  0%| F|  |TAMS 0x00000000f3600000, 0x00000000f3600000| Untracked 
| 311|0x00000000f3700000, 0x00000000f3700000, 0x00000000f3800000|  0%| F|  |TAMS 0x00000000f3700000, 0x00000000f3700000| Untracked 
| 312|0x00000000f3800000, 0x00000000f3800000, 0x00000000f3900000|  0%| F|  |TAMS 0x00000000f3800000, 0x00000000f3800000| Untracked 
| 313|0x00000000f3900000, 0x00000000f3900000, 0x00000000f3a00000|  0%| F|  |TAMS 0x00000000f3900000, 0x00000000f3900000| Untracked 
| 510|0x00000000ffe00000, 0x00000000fff00000, 0x00000000fff00000|100%| O|  |TAMS 0x00000000ffe00000, 0x00000000fff00000| Untracked 
| 511|0x00000000fff00000, 0x0000000100000000, 0x0000000100000000|100%| O|  |TAMS 0x00000000fff00000, 0x0000000100000000| Untracked 

Card table byte_map: [0x000002d42f4d0000,0x000002d42f5d0000] _byte_map_base: 0x000002d42edd0000

Marking Bits (Prev, Next): (CMBitMap*) 0x000002d4165d4be0, (CMBitMap*) 0x000002d4165d4c20
 Prev Bits: [0x000002d42f6d0000, 0x000002d42fed0000)
 Next Bits: [0x000002d42fed0000, 0x000002d4306d0000)

Polling page: 0x000002d416290000

Metaspace:

Usage:
  Non-class:    117.50 MB used.
      Class:     18.12 MB used.
       Both:    135.62 MB used.

Virtual space:
  Non-class space:      128.00 MB reserved,     118.00 MB ( 92%) committed,  2 nodes.
      Class space:      320.00 MB reserved,      18.56 MB (  6%) committed,  1 nodes.
             Both:      448.00 MB reserved,     136.56 MB ( 30%) committed. 

Chunk freelists:
   Non-Class:  9.73 MB
       Class:  13.33 MB
        Both:  23.06 MB

MaxMetaspaceSize: 384.00 MB
CompressedClassSpaceSize: 320.00 MB
Initial GC threshold: 21.00 MB
Current GC threshold: 226.56 MB
CDS: on
MetaspaceReclaimPolicy: balanced
 - commit_granule_bytes: 65536.
 - commit_granule_words: 8192.
 - virtual_space_node_default_size: 8388608.
 - enlarge_chunks_in_place: 1.
 - new_chunks_are_fully_committed: 0.
 - uncommit_free_chunks: 1.
 - use_allocation_guard: 0.
 - handle_deallocations: 1.


Internal statistics:

num_allocs_failed_limit: 21.
num_arena_births: 1636.
num_arena_deaths: 2.
num_vsnodes_births: 3.
num_vsnodes_deaths: 0.
num_space_committed: 2185.
num_space_uncommitted: 2.
num_chunks_returned_to_freelist: 40.
num_chunks_taken_from_freelist: 7476.
num_chunk_merges: 22.
num_chunk_splits: 5045.
num_chunks_enlarged: 3428.
num_inconsistent_stats: 0.

CodeHeap 'non-profiled nmethods': size=120000Kb used=12601Kb max_used=12601Kb free=107398Kb
 bounds [0x000002d427220000, 0x000002d427e70000, 0x000002d42e750000]
CodeHeap 'profiled nmethods': size=120000Kb used=40034Kb max_used=40034Kb free=79965Kb
 bounds [0x000002d41f750000, 0x000002d421e70000, 0x000002d426c80000]
CodeHeap 'non-nmethods': size=5760Kb used=1819Kb max_used=1882Kb free=3940Kb
 bounds [0x000002d426c80000, 0x000002d426ef0000, 0x000002d427220000]
 total_blobs=20220 nmethods=19306 adapters=822
 compilation: enabled
              stopped_count=0, restarted_count=0
 full_count=0

Compilation events (20 events):
Event: 50.779 Thread 0x000002d4334a0090 nmethod 23737 0x000002d421e64210 code [0x000002d421e649a0, 0x000002d421e68948]
Event: 50.779 Thread 0x000002d454ab8a70 nmethod 23738 0x000002d427e6b610 code [0x000002d427e6b780, 0x000002d427e6b8b8]
Event: 50.779 Thread 0x000002d4334a0090 23739       2       com.android.tools.r8.dex.A::<init> (1779 bytes)
Event: 50.779 Thread 0x000002d454ab8a70 23740       4       com.android.tools.r8.graph.h1::<init> (21 bytes)
Event: 50.780 Thread 0x000002d43335f2c0 nmethod 23736 0x000002d427e6b910 code [0x000002d427e6baa0, 0x000002d427e6bc08]
Event: 50.780 Thread 0x000002d43335f2c0 23517       4       com.android.tools.r8.graph.J2::Y0 (8 bytes)
Event: 50.781 Thread 0x000002d43335f2c0 nmethod 23517 0x000002d427e6bd90 code [0x000002d427e6bf20, 0x000002d427e6bfe8]
Event: 50.781 Thread 0x000002d43335f2c0 23750       4       com.android.tools.r8.internal.Nk::C (123 bytes)
Event: 50.781 Thread 0x000002d453f21830 nmethod 23732 0x000002d427e6c110 code [0x000002d427e6c2a0, 0x000002d427e6c938]
Event: 50.781 Thread 0x000002d453f21830 23751       4       com.android.tools.r8.internal.ho0::compareTo (11 bytes)
Event: 50.781 Thread 0x000002d454ab8a70 nmethod 23740 0x000002d427e6cd10 code [0x000002d427e6ce80, 0x000002d427e6d198]
Event: 50.781 Thread 0x000002d454ab8a70 23478       4       com.android.tools.r8.internal.E20::d (16 bytes)
Event: 50.782 Thread 0x000002d453f21830 nmethod 23751 0x000002d427e6d210 code [0x000002d427e6d3a0, 0x000002d427e6d498]
Event: 50.782 Thread 0x000002d453f21830 23492       4       com.android.tools.r8.graph.g1$a::a (7 bytes)
Event: 50.783 Thread 0x000002d453f21830 nmethod 23492 0x000002d427e6d590 code [0x000002d427e6d700, 0x000002d427e6d838]
Event: 50.783 Thread 0x000002d453f21830 23541       4       com.android.tools.r8.graph.g1$a::c (7 bytes)
Event: 50.783 Thread 0x000002d453f21830 nmethod 23541 0x000002d427e6d890 code [0x000002d427e6da00, 0x000002d427e6da78]
Event: 50.783 Thread 0x000002d453f21830 23482       4       com.android.tools.r8.graph.j1$a::a (7 bytes)
Event: 50.784 Thread 0x000002d454ab8a70 nmethod 23478 0x000002d427e6db90 code [0x000002d427e6dd40, 0x000002d427e6e018]
Event: 50.784 Thread 0x000002d454ab8a70 23485       4       com.android.tools.r8.graph.j1$a::a (7 bytes)

GC Heap History (20 events):
Event: 42.951 GC heap after
{Heap after GC invocations=37 (full 0):
 garbage-first heap   total 262144K, used 133952K [0x00000000e0000000, 0x0000000100000000)
  region size 1024K, 4 young (4096K), 4 survivors (4096K)
 Metaspace       used 135703K, committed 136576K, reserved 458752K
  class space    used 18117K, committed 18560K, reserved 327680K
}
Event: 43.445 GC heap before
{Heap before GC invocations=37 (full 0):
 garbage-first heap   total 262144K, used 224064K [0x00000000e0000000, 0x0000000100000000)
  region size 1024K, 93 young (95232K), 4 survivors (4096K)
 Metaspace       used 136067K, committed 137024K, reserved 458752K
  class space    used 18151K, committed 18624K, reserved 327680K
}
Event: 43.447 GC heap after
{Heap after GC invocations=38 (full 0):
 garbage-first heap   total 262144K, used 133315K [0x00000000e0000000, 0x0000000100000000)
  region size 1024K, 4 young (4096K), 4 survivors (4096K)
 Metaspace       used 136067K, committed 137024K, reserved 458752K
  class space    used 18151K, committed 18624K, reserved 327680K
}
Event: 45.408 GC heap before
{Heap before GC invocations=38 (full 0):
 garbage-first heap   total 262144K, used 224451K [0x00000000e0000000, 0x0000000100000000)
  region size 1024K, 94 young (96256K), 4 survivors (4096K)
 Metaspace       used 137288K, committed 138176K, reserved 458752K
  class space    used 18304K, committed 18752K, reserved 327680K
}
Event: 45.414 GC heap after
{Heap after GC invocations=39 (full 0):
 garbage-first heap   total 262144K, used 138325K [0x00000000e0000000, 0x0000000100000000)
  region size 1024K, 9 young (9216K), 9 survivors (9216K)
 Metaspace       used 137288K, committed 138176K, reserved 458752K
  class space    used 18304K, committed 18752K, reserved 327680K
}
Event: 46.129 GC heap before
{Heap before GC invocations=39 (full 0):
 garbage-first heap   total 262144K, used 222293K [0x00000000e0000000, 0x0000000100000000)
  region size 1024K, 91 young (93184K), 9 survivors (9216K)
 Metaspace       used 137575K, committed 138496K, reserved 458752K
  class space    used 18347K, committed 18816K, reserved 327680K
}
Event: 46.146 GC heap after
{Heap after GC invocations=40 (full 0):
 garbage-first heap   total 262144K, used 148046K [0x00000000e0000000, 0x0000000100000000)
  region size 1024K, 10 young (10240K), 10 survivors (10240K)
 Metaspace       used 137575K, committed 138496K, reserved 458752K
  class space    used 18347K, committed 18816K, reserved 327680K
}
Event: 50.142 GC heap before
{Heap before GC invocations=40 (full 0):
 garbage-first heap   total 262144K, used 201294K [0x00000000e0000000, 0x0000000100000000)
  region size 1024K, 43 young (44032K), 10 survivors (10240K)
 Metaspace       used 137833K, committed 138816K, reserved 458752K
  class space    used 18384K, committed 18880K, reserved 327680K
}
Event: 50.145 GC heap after
{Heap after GC invocations=41 (full 0):
 garbage-first heap   total 262144K, used 164748K [0x00000000e0000000, 0x0000000100000000)
  region size 1024K, 4 young (4096K), 4 survivors (4096K)
 Metaspace       used 137833K, committed 138816K, reserved 458752K
  class space    used 18384K, committed 18880K, reserved 327680K
}
Event: 50.393 GC heap before
{Heap before GC invocations=42 (full 0):
 garbage-first heap   total 321536K, used 297868K [0x00000000e0000000, 0x0000000100000000)
  region size 1024K, 60 young (61440K), 4 survivors (4096K)
 Metaspace       used 138302K, committed 139328K, reserved 458752K
  class space    used 18454K, committed 18944K, reserved 327680K
}
Event: 50.404 GC heap after
{Heap after GC invocations=43 (full 0):
 garbage-first heap   total 323584K, used 219208K [0x00000000e0000000, 0x0000000100000000)
  region size 1024K, 8 young (8192K), 8 survivors (8192K)
 Metaspace       used 138302K, committed 139328K, reserved 458752K
  class space    used 18454K, committed 18944K, reserved 327680K
}
Event: 50.431 GC heap before
{Heap before GC invocations=43 (full 0):
 garbage-first heap   total 323584K, used 227400K [0x00000000e0000000, 0x0000000100000000)
  region size 1024K, 15 young (15360K), 8 survivors (8192K)
 Metaspace       used 138302K, committed 139328K, reserved 458752K
  class space    used 18454K, committed 18944K, reserved 327680K
}
Event: 50.436 GC heap after
{Heap after GC invocations=44 (full 0):
 garbage-first heap   total 323584K, used 219207K [0x00000000e0000000, 0x0000000100000000)
  region size 1024K, 2 young (2048K), 2 survivors (2048K)
 Metaspace       used 138302K, committed 139328K, reserved 458752K
  class space    used 18454K, committed 18944K, reserved 327680K
}
Event: 50.609 GC heap before
{Heap before GC invocations=44 (full 0):
 garbage-first heap   total 323584K, used 269383K [0x00000000e0000000, 0x0000000100000000)
  region size 1024K, 48 young (49152K), 2 survivors (2048K)
 Metaspace       used 138308K, committed 139328K, reserved 458752K
  class space    used 18455K, committed 18944K, reserved 327680K
}
Event: 50.625 GC heap after
{Heap after GC invocations=45 (full 0):
 garbage-first heap   total 323584K, used 241111K [0x00000000e0000000, 0x0000000100000000)
  region size 1024K, 6 young (6144K), 6 survivors (6144K)
 Metaspace       used 138308K, committed 139328K, reserved 458752K
  class space    used 18455K, committed 18944K, reserved 327680K
}
Event: 50.720 GC heap before
{Heap before GC invocations=45 (full 0):
 garbage-first heap   total 323584K, used 267735K [0x00000000e0000000, 0x0000000100000000)
  region size 1024K, 33 young (33792K), 6 survivors (6144K)
 Metaspace       used 138851K, committed 139776K, reserved 458752K
  class space    used 18553K, committed 19008K, reserved 327680K
}
Event: 50.732 GC heap after
{Heap after GC invocations=46 (full 0):
 garbage-first heap   total 323584K, used 255208K [0x00000000e0000000, 0x0000000100000000)
  region size 1024K, 5 young (5120K), 5 survivors (5120K)
 Metaspace       used 138851K, committed 139776K, reserved 458752K
  class space    used 18553K, committed 19008K, reserved 327680K
}
Event: 50.754 GC heap before
{Heap before GC invocations=46 (full 0):
 garbage-first heap   total 323584K, used 271592K [0x00000000e0000000, 0x0000000100000000)
  region size 1024K, 22 young (22528K), 5 survivors (5120K)
 Metaspace       used 138868K, committed 139840K, reserved 458752K
  class space    used 18553K, committed 19008K, reserved 327680K
}
Event: 50.763 GC heap after
{Heap after GC invocations=47 (full 0):
 garbage-first heap   total 323584K, used 265719K [0x00000000e0000000, 0x0000000100000000)
  region size 1024K, 3 young (3072K), 3 survivors (3072K)
 Metaspace       used 138868K, committed 139840K, reserved 458752K
  class space    used 18553K, committed 19008K, reserved 327680K
}
Event: 50.784 GC heap before
{Heap before GC invocations=47 (full 0):
 garbage-first heap   total 323584K, used 276983K [0x00000000e0000000, 0x0000000100000000)
  region size 1024K, 15 young (15360K), 3 survivors (3072K)
 Metaspace       used 138874K, committed 139840K, reserved 458752K
  class space    used 18553K, committed 19008K, reserved 327680K
}

Dll operation events (16 events):
Event: 0.012 Loaded shared library C:\Users\Edu Juanda Pratama\AppData\Local\Temp\temurin17\jdk-17.0.20.1+1\bin\java.dll
Event: 0.027 Loaded shared library C:\Users\Edu Juanda Pratama\AppData\Local\Temp\temurin17\jdk-17.0.20.1+1\bin\jsvml.dll
Event: 0.079 Loaded shared library C:\Users\Edu Juanda Pratama\AppData\Local\Temp\temurin17\jdk-17.0.20.1+1\bin\zip.dll
Event: 0.081 Loaded shared library C:\Users\Edu Juanda Pratama\AppData\Local\Temp\temurin17\jdk-17.0.20.1+1\bin\instrument.dll
Event: 0.086 Loaded shared library C:\Users\Edu Juanda Pratama\AppData\Local\Temp\temurin17\jdk-17.0.20.1+1\bin\net.dll
Event: 0.089 Loaded shared library C:\Users\Edu Juanda Pratama\AppData\Local\Temp\temurin17\jdk-17.0.20.1+1\bin\nio.dll
Event: 0.092 Loaded shared library C:\Users\Edu Juanda Pratama\AppData\Local\Temp\temurin17\jdk-17.0.20.1+1\bin\zip.dll
Event: 0.359 Loaded shared library C:\Users\Edu Juanda Pratama\AppData\Local\Temp\temurin17\jdk-17.0.20.1+1\bin\jimage.dll
Event: 0.513 Loaded shared library C:\Users\Edu Juanda Pratama\AppData\Local\Temp\temurin17\jdk-17.0.20.1+1\bin\verify.dll
Event: 0.593 Loaded shared library C:\Users\Edu Juanda Pratama\.gradle\native\1def1411415f61bf3af743bc5b6707747c0891f09f0c88961ee8f79bc544acac\windows-amd64\native-platform.dll
Event: 0.608 Loaded shared library C:\Users\Edu Juanda Pratama\.gradle\native\0.2.7\x86_64-windows-gnu\gradle-fileevents.dll
Event: 1.664 Loaded shared library C:\Users\Edu Juanda Pratama\AppData\Local\Temp\temurin17\jdk-17.0.20.1+1\bin\management.dll
Event: 1.666 Loaded shared library C:\Users\Edu Juanda Pratama\AppData\Local\Temp\temurin17\jdk-17.0.20.1+1\bin\management_ext.dll
Event: 1.888 Loaded shared library C:\Users\Edu Juanda Pratama\AppData\Local\Temp\temurin17\jdk-17.0.20.1+1\bin\extnet.dll
Event: 2.138 Loaded shared library C:\Users\Edu Juanda Pratama\AppData\Local\Temp\temurin17\jdk-17.0.20.1+1\bin\sunmscapi.dll
Event: 25.518 Loaded shared library C:\Users\Edu Juanda Pratama\AppData\Local\Temp\temurin17\jdk-17.0.20.1+1\bin\rmi.dll

Deoptimization events (20 events):
Event: 50.658 Thread 0x000002d45b6bd7d0 Uncommon trap: trap_request=0xffffff45 fr.pc=0x000002d427a85ee8 relative=0x0000000000000348
Event: 50.659 Thread 0x000002d45b6ba530 Uncommon trap: trap_request=0xffffff45 fr.pc=0x000002d427c3eb80 relative=0x0000000000000060
Event: 50.659 Thread 0x000002d45b6bd7d0 Uncommon trap: reason=unstable_if action=reinterpret pc=0x000002d427a85ee8 method=java.util.concurrent.ConcurrentLinkedQueue.offer(Ljava/lang/Object;)Z @ 42 c2
Event: 50.659 Thread 0x000002d45b6ba530 Uncommon trap: reason=unstable_if action=reinterpret pc=0x000002d427c3eb80 method=com.android.tools.r8.utils.w$g.b()Z @ 4 c2
Event: 50.659 Thread 0x000002d45b6bd7d0 DEOPT PACKING pc=0x000002d427a85ee8 sp=0x000000f89c7feec0
Event: 50.659 Thread 0x000002d45b6bd7d0 DEOPT UNPACKING pc=0x000002d426cd69a3 sp=0x000000f89c7fee60 mode 2
Event: 50.659 Thread 0x000002d45b6ba530 DEOPT PACKING pc=0x000002d427c3eb80 sp=0x000000f89befe1f0
Event: 50.659 Thread 0x000002d45b6ba530 DEOPT UNPACKING pc=0x000002d426cd69a3 sp=0x000000f89befe178 mode 2
Event: 50.659 Thread 0x000002d45b6ba530 Uncommon trap: trap_request=0xffffff45 fr.pc=0x000002d427e36590 relative=0x0000000000000430
Event: 50.659 Thread 0x000002d45b6ba530 Uncommon trap: reason=unstable_if action=reinterpret pc=0x000002d427e36590 method=com.android.tools.r8.graph.F2.c(Ljava/lang/Object;)Z @ 23 c2
Event: 50.659 Thread 0x000002d45b6ba530 DEOPT PACKING pc=0x000002d427e36590 sp=0x000000f89befe9d0
Event: 50.659 Thread 0x000002d45b6ba530 DEOPT UNPACKING pc=0x000002d426cd69a3 sp=0x000000f89befe8a0 mode 2
Event: 50.701 Thread 0x000002d45b6baa40 Uncommon trap: trap_request=0xffffff45 fr.pc=0x000002d427e42578 relative=0x00000000000003d8
Event: 50.701 Thread 0x000002d45b6baa40 Uncommon trap: reason=unstable_if action=reinterpret pc=0x000002d427e42578 method=com.android.tools.r8.graph.l1.c(Ljava/lang/Object;)Z @ 51 c2
Event: 50.701 Thread 0x000002d45b6baa40 DEOPT PACKING pc=0x000002d427e42578 sp=0x000000f89bffe8c0
Event: 50.701 Thread 0x000002d45b6baa40 DEOPT UNPACKING pc=0x000002d426cd69a3 sp=0x000000f89bffe850 mode 2
Event: 50.770 Thread 0x000002d45b6ba530 Uncommon trap: trap_request=0xffffff45 fr.pc=0x000002d427e64c84 relative=0x00000000000010a4
Event: 50.770 Thread 0x000002d45b6ba530 Uncommon trap: reason=unstable_if action=reinterpret pc=0x000002d427e64c84 method=com.android.tools.r8.dex.C.h()Lcom/android/tools/r8/graph/O2; @ 31 c2
Event: 50.770 Thread 0x000002d45b6ba530 DEOPT PACKING pc=0x000002d427e64c84 sp=0x000000f89befe950
Event: 50.770 Thread 0x000002d45b6ba530 DEOPT UNPACKING pc=0x000002d426cd69a3 sp=0x000000f89befe930 mode 2

Classes loaded (20 events):
Event: 46.063 Loading class sun/nio/cs/ThreadLocalCoders$2
Event: 46.063 Loading class sun/nio/cs/ThreadLocalCoders$2 done
Event: 46.069 Loading class java/util/TreeMap$AscendingSubMap
Event: 46.069 Loading class java/util/TreeMap$AscendingSubMap done
Event: 46.069 Loading class java/util/TreeMap$NavigableSubMap$SubMapKeyIterator
Event: 46.069 Loading class java/util/TreeMap$NavigableSubMap$SubMapKeyIterator done
Event: 49.904 Loading class sun/invoke/util/ValueConversions$1
Event: 49.904 Loading class sun/invoke/util/ValueConversions$1 done
Event: 49.904 Loading class java/lang/invoke/BoundMethodHandle$Species_LI
Event: 49.904 Loading class java/lang/invoke/BoundMethodHandle$Species_LI done
Event: 50.203 Loading class java/nio/BufferUnderflowException
Event: 50.203 Loading class java/nio/BufferUnderflowException done
Event: 50.608 Loading class java/util/concurrent/ForkJoinTask$AdaptedCallable
Event: 50.628 Loading class java/util/concurrent/ForkJoinTask$AdaptedCallable done
Event: 50.630 Loading class java/util/concurrent/ForkJoinPool$DefaultForkJoinWorkerThreadFactory$1
Event: 50.631 Loading class java/util/concurrent/ForkJoinPool$DefaultForkJoinWorkerThreadFactory$1 done
Event: 50.652 Loading class java/nio/HeapShortBuffer
Event: 50.652 Loading class java/nio/HeapShortBuffer done
Event: 50.659 Loading class java/util/AbstractList$RandomAccessSubList
Event: 50.659 Loading class java/util/AbstractList$RandomAccessSubList done

Classes unloaded (20 events):
Event: 40.218 Thread 0x000002d43332abc0 Unloading class 0x000002d435fcb800 'jdk/internal/jimage/ImageHeader'
Event: 40.218 Thread 0x000002d43332abc0 Unloading class 0x000002d435fcadc8 'jdk/internal/jimage/BasicImageReader$2'
Event: 40.218 Thread 0x000002d43332abc0 Unloading class 0x000002d435fcab98 'jdk/internal/jimage/BasicImageReader$1'
Event: 40.218 Thread 0x000002d43332abc0 Unloading class 0x000002d435fca930 'jdk/internal/jimage/ImageReader$Resource'
Event: 40.218 Thread 0x000002d43332abc0 Unloading class 0x000002d435fca6c8 'jdk/internal/jimage/ImageReader$LinkNode'
Event: 40.218 Thread 0x000002d43332abc0 Unloading class 0x000002d435fca460 'jdk/internal/jimage/ImageReader$Directory'
Event: 40.218 Thread 0x000002d43332abc0 Unloading class 0x000002d435fca1f8 'jdk/internal/jimage/ImageReader$Node'
Event: 40.218 Thread 0x000002d43332abc0 Unloading class 0x000002d435fca000 'jdk/internal/jimage/ImageStrings'
Event: 40.218 Thread 0x000002d43332abc0 Unloading class 0x000002d435fc9b50 'jdk/internal/jimage/ImageReader$SharedImageReader'
Event: 40.218 Thread 0x000002d43332abc0 Unloading class 0x000002d435fc9890 'jdk/internal/jimage/BasicImageReader'
Event: 40.218 Thread 0x000002d43332abc0 Unloading class 0x000002d435fc9670 'jdk/internal/jimage/ImageReader'
Event: 40.218 Thread 0x000002d43332abc0 Unloading class 0x000002d435fc9448 'jdk/internal/jrtfs/SystemImage$2'
Event: 40.218 Thread 0x000002d43332abc0 Unloading class 0x000002d435fc9230 'jdk/internal/jrtfs/SystemImage$$Lambda$2056+0x000002d435fc9230'
Event: 40.218 Thread 0x000002d43332abc0 Unloading class 0x000002d435fc9000 'jdk/internal/jrtfs/ExplodedImage'
Event: 40.218 Thread 0x000002d43332abc0 Unloading class 0x000002d435fc8dc8 'jdk/internal/jrtfs/SystemImage$1'
Event: 40.218 Thread 0x000002d43332abc0 Unloading class 0x000002d435fc8bb0 'jdk/internal/jrtfs/SystemImage'
Event: 40.218 Thread 0x000002d43332abc0 Unloading class 0x000002d435fc8950 'jdk/internal/jrtfs/JrtFileStore'
Event: 40.218 Thread 0x000002d43332abc0 Unloading class 0x000002d435fc85d8 'jdk/internal/jrtfs/JrtPath'
Event: 40.218 Thread 0x000002d43332abc0 Unloading class 0x000002d435fc82e0 'jdk/internal/jrtfs/JrtFileSystem'
Event: 40.218 Thread 0x000002d43332abc0 Unloading class 0x000002d435fc8000 'jdk/internal/jrtfs/JrtFileSystemProvider'

Classes redefined (0 events):
No events

Internal exceptions (20 events):
Event: 43.527 Thread 0x000002d450ef6d00 Exception <a 'sun/nio/fs/WindowsException'{0x00000000ef4fe4d0}> (0x00000000ef4fe4d0) 
thrown [s\src\hotspot\share\prims\jni.cpp, line 516]
Event: 43.529 Thread 0x000002d450ef6d00 Exception <a 'sun/nio/fs/WindowsException'{0x00000000ef2c62a8}> (0x00000000ef2c62a8) 
thrown [s\src\hotspot\share\prims\jni.cpp, line 516]
Event: 43.531 Thread 0x000002d450ef6d00 Exception <a 'sun/nio/fs/WindowsException'{0x00000000ef2ce0f8}> (0x00000000ef2ce0f8) 
thrown [s\src\hotspot\share\prims\jni.cpp, line 516]
Event: 43.532 Thread 0x000002d450ef6d00 Exception <a 'sun/nio/fs/WindowsException'{0x00000000ef2d5fd0}> (0x00000000ef2d5fd0) 
thrown [s\src\hotspot\share\prims\jni.cpp, line 516]
Event: 43.534 Thread 0x000002d450ef6d00 Exception <a 'sun/nio/fs/WindowsException'{0x00000000ef2e4020}> (0x00000000ef2e4020) 
thrown [s\src\hotspot\share\prims\jni.cpp, line 516]
Event: 43.536 Thread 0x000002d450ef6d00 Exception <a 'sun/nio/fs/WindowsException'{0x00000000ef2ec080}> (0x00000000ef2ec080) 
thrown [s\src\hotspot\share\prims\jni.cpp, line 516]
Event: 43.539 Thread 0x000002d450ef6d00 Exception <a 'sun/nio/fs/WindowsException'{0x00000000ef2f4180}> (0x00000000ef2f4180) 
thrown [s\src\hotspot\share\prims\jni.cpp, line 516]
Event: 45.034 Thread 0x000002d44f66b770 Implicit null exception at 0x000002d427720830 to 0x000002d4277208f8
Event: 45.141 Thread 0x000002d44f66b770 Exception <a 'sun/nio/fs/WindowsException'{0x00000000ec5ea5e0}> (0x00000000ec5ea5e0) 
thrown [s\src\hotspot\share\prims\jni.cpp, line 516]
Event: 45.141 Thread 0x000002d44f66b770 Exception <a 'sun/nio/fs/WindowsException'{0x00000000ec5eb7f8}> (0x00000000ec5eb7f8) 
thrown [s\src\hotspot\share\prims\jni.cpp, line 516]
Event: 45.141 Thread 0x000002d44f66b770 Exception <a 'sun/nio/fs/WindowsException'{0x00000000ec5eba30}> (0x00000000ec5eba30) 
thrown [s\src\hotspot\share\prims\jni.cpp, line 516]
Event: 45.149 Thread 0x000002d450ef6d00 Exception <a 'sun/nio/fs/WindowsException'{0x00000000ec318248}> (0x00000000ec318248) 
thrown [s\src\hotspot\share\prims\jni.cpp, line 516]
Event: 45.149 Thread 0x000002d450ef6d00 Exception <a 'sun/nio/fs/WindowsException'{0x00000000ec318698}> (0x00000000ec318698) 
thrown [s\src\hotspot\share\prims\jni.cpp, line 516]
Event: 46.068 Thread 0x000002d450ef6d00 Implicit null exception at 0x000002d427dc9d6a to 0x000002d427dc9dbc
Event: 46.069 Thread 0x000002d450ef6d00 Implicit null exception at 0x000002d427dca150 to 0x000002d427dca167
Event: 49.903 Thread 0x000002d450ef6d00 Implicit null exception at 0x000002d4274c793a to 0x000002d4274c7b54
Event: 49.904 Thread 0x000002d450ef6d00 Exception <a 'java/lang/NoSuchMethodError'{0x00000000efb7bee8}: 'int java.lang.invoke.DirectMethodHandle$Holder.invokeStatic(java.lang.Object, java.lang.Object, int)'> (0x00000000efb7bee8) 
thrown [s\src\hotspot\share\interpreter\linkResolver.cpp, line 759]
Event: 49.905 Thread 0x000002d450ef6d00 Exception <a 'java/lang/NoSuchMethodError'{0x00000000ef0dcd40}: 'java.lang.Object java.lang.invoke.DirectMethodHandle$Holder.invokeStatic(java.lang.Object, java.lang.Object, java.lang.Object, java.lang.Object, int)'> (0x00000000ef0dcd40) 
thrown [s\src\hotspot\share\interpreter\linkResolver.cpp, line 759]
Event: 50.638 Thread 0x000002d45b6be1f0 Exception <a 'java/lang/NoSuchMethodError'{0x00000000f388eca0}: 'long java.lang.invoke.DirectMethodHandle$Holder.invokeStatic(java.lang.Object, java.lang.Object, java.lang.Object)'> (0x00000000f388eca0) 
thrown [s\src\hotspot\share\interpreter\linkResolver.cpp, line 759]
Event: 50.638 Thread 0x000002d45b6bf120 Exception <a 'java/lang/NoSuchMethodError'{0x00000000f38d6c00}: 'long java.lang.invoke.DirectMethodHandle$Holder.invokeStatic(java.lang.Object, java.lang.Object, java.lang.Object)'> (0x00000000f38d6c00) 
thrown [s\src\hotspot\share\interpreter\linkResolver.cpp, line 759]

VM Operations (20 events):
Event: 50.404 Executing VM operation: G1CollectForAllocation done
Event: 50.430 Executing VM operation: G1CollectForAllocation
Event: 50.436 Executing VM operation: G1CollectForAllocation done
Event: 50.609 Executing VM operation: G1CollectForAllocation
Event: 50.625 Executing VM operation: G1CollectForAllocation done
Event: 50.654 Executing VM operation: HandshakeAllThreads
Event: 50.654 Executing VM operation: HandshakeAllThreads done
Event: 50.657 Executing VM operation: HandshakeAllThreads
Event: 50.657 Executing VM operation: HandshakeAllThreads done
Event: 50.661 Executing VM operation: HandshakeAllThreads
Event: 50.662 Executing VM operation: HandshakeAllThreads done
Event: 50.669 Executing VM operation: HandshakeAllThreads
Event: 50.669 Executing VM operation: HandshakeAllThreads done
Event: 50.720 Executing VM operation: G1CollectForAllocation
Event: 50.732 Executing VM operation: G1CollectForAllocation done
Event: 50.753 Executing VM operation: G1CollectForAllocation
Event: 50.763 Executing VM operation: G1CollectForAllocation done
Event: 50.773 Executing VM operation: HandshakeAllThreads
Event: 50.776 Executing VM operation: HandshakeAllThreads done
Event: 50.784 Executing VM operation: G1CollectForAllocation

Memory protections (0 events):
No events

Nmethod flushes (20 events):
Event: 45.693 Thread 0x000002d4334a2460 flushing  nmethod 0x000002d421815010
Event: 45.693 Thread 0x000002d4334a2460 flushing  nmethod 0x000002d421816d90
Event: 45.693 Thread 0x000002d4334a2460 flushing  nmethod 0x000002d42181b410
Event: 45.693 Thread 0x000002d4334a2460 flushing  nmethod 0x000002d42181c590
Event: 45.693 Thread 0x000002d4334a2460 flushing  nmethod 0x000002d42181e590
Event: 45.694 Thread 0x000002d4334a2460 flushing  nmethod 0x000002d42186a910
Event: 45.694 Thread 0x000002d4334a2460 flushing  nmethod 0x000002d421897e10
Event: 45.694 Thread 0x000002d4334a2460 flushing  nmethod 0x000002d421898510
Event: 45.694 Thread 0x000002d4334a2460 flushing  nmethod 0x000002d4218aaf10
Event: 45.694 Thread 0x000002d4334a2460 flushing  nmethod 0x000002d4218b6490
Event: 45.694 Thread 0x000002d4334a2460 flushing  nmethod 0x000002d4218b7410
Event: 45.694 Thread 0x000002d4334a2460 flushing  nmethod 0x000002d4218b7910
Event: 45.694 Thread 0x000002d4334a2460 flushing  nmethod 0x000002d4218b8210
Event: 45.694 Thread 0x000002d4334a2460 flushing  nmethod 0x000002d4218c1810
Event: 45.694 Thread 0x000002d4334a2460 flushing  nmethod 0x000002d421907810
Event: 45.694 Thread 0x000002d4334a2460 flushing  nmethod 0x000002d42191b790
Event: 45.695 Thread 0x000002d4334a2460 flushing  nmethod 0x000002d4219c4290
Event: 45.695 Thread 0x000002d4334a2460 flushing  nmethod 0x000002d4219e6d90
Event: 45.695 Thread 0x000002d4334a2460 flushing  nmethod 0x000002d421a25990
Event: 45.696 Thread 0x000002d4334a2460 flushing  nmethod 0x000002d421b6ab10

Events (20 events):
Event: 47.005 Thread 0x000002d44f669e20 Thread exited: 0x000002d44f669e20
Event: 49.703 Thread 0x000002d450da2fc0 Thread exited: 0x000002d450da2fc0
Event: 49.806 Thread 0x000002d450da2a70 Thread exited: 0x000002d450da2a70
Event: 49.956 Thread 0x000002d43335f2c0 Thread added: 0x000002d454ab8a70
Event: 50.076 Thread 0x000002d450ef6d00 Thread added: 0x000002d45b6bcdb0
Event: 50.288 Thread 0x000002d4334a0090 Thread added: 0x000002d45b338790
Event: 50.591 Thread 0x000002d45b338790 Thread exited: 0x000002d45b338790
Event: 50.631 Thread 0x000002d45b6bcdb0 Thread added: 0x000002d45b6bb460
Event: 50.632 Thread 0x000002d45b6bb460 Thread added: 0x000002d45b6ba530
Event: 50.632 Thread 0x000002d45b6ba530 Thread added: 0x000002d45b6baa40
Event: 50.633 Thread 0x000002d45b6baa40 Thread added: 0x000002d45b6bb970
Event: 50.634 Thread 0x000002d45b6bb970 Thread added: 0x000002d45b6b9b10
Event: 50.634 Thread 0x000002d45b6b9b10 Thread added: 0x000002d45b6bec10
Event: 50.635 Thread 0x000002d45b6bec10 Thread added: 0x000002d45b6bfb40
Event: 50.635 Thread 0x000002d45b6bfb40 Thread added: 0x000002d45b6bc8a0
Event: 50.635 Thread 0x000002d45b6bc8a0 Thread added: 0x000002d45b6bd2c0
Event: 50.636 Thread 0x000002d45b6bd2c0 Thread added: 0x000002d45b6be1f0
Event: 50.636 Thread 0x000002d45b6be1f0 Thread added: 0x000002d45b6bd7d0
Event: 50.637 Thread 0x000002d45b6bd7d0 Thread added: 0x000002d45b6bf120
Event: 50.664 Thread 0x000002d4334a0090 Thread added: 0x000002d453f21830


Dynamic libraries:
0x00007ff6ad280000 - 0x00007ff6ad28e000 	C:\Users\Edu Juanda Pratama\AppData\Local\Temp\temurin17\jdk-17.0.20.1+1\bin\java.exe
0x00007ffac92c0000 - 0x00007ffac9527000 	C:\WINDOWS\SYSTEM32\ntdll.dll
0x00007ffac8a00000 - 0x00007ffac8aca000 	C:\WINDOWS\System32\KERNEL32.DLL
0x00007ffac6900000 - 0x00007ffac6d02000 	C:\WINDOWS\System32\KERNELBASE.dll
0x00007ffac6e90000 - 0x00007ffac6fdc000 	C:\WINDOWS\System32\ucrtbase.dll
0x00007ffa93fd0000 - 0x00007ffa93fe8000 	C:\Users\Edu Juanda Pratama\AppData\Local\Temp\temurin17\jdk-17.0.20.1+1\bin\jli.dll
0x00007ffa930f0000 - 0x00007ffa9310e000 	C:\Users\Edu Juanda Pratama\AppData\Local\Temp\temurin17\jdk-17.0.20.1+1\bin\VCRUNTIME140.dll
0x00007ffac75e0000 - 0x00007ffac77af000 	C:\WINDOWS\System32\USER32.dll
0x00007ffac6d10000 - 0x00007ffac6d37000 	C:\WINDOWS\System32\win32u.dll
0x00007ffab56d0000 - 0x00007ffab5960000 	C:\WINDOWS\WinSxS\amd64_microsoft.windows.common-controls_6595b64144ccf1df_6.0.26100.9278_none_3e0d1ba8e3303201\COMCTL32.dll
0x00007ffac8470000 - 0x00007ffac849b000 	C:\WINDOWS\System32\GDI32.dll
0x00007ffac88e0000 - 0x00007ffac8989000 	C:\WINDOWS\System32\msvcrt.dll
0x00007ffac6590000 - 0x00007ffac66b9000 	C:\WINDOWS\System32\gdi32full.dll
0x00007ffac6850000 - 0x00007ffac68f3000 	C:\WINDOWS\System32\msvcp_win.dll
0x00007ffac7540000 - 0x00007ffac7571000 	C:\WINDOWS\System32\IMM32.DLL
0x00007ffaa07f0000 - 0x00007ffaa07fc000 	C:\Users\Edu Juanda Pratama\AppData\Local\Temp\temurin17\jdk-17.0.20.1+1\bin\vcruntime140_1.dll
0x00007ffa50260000 - 0x00007ffa502ed000 	C:\Users\Edu Juanda Pratama\AppData\Local\Temp\temurin17\jdk-17.0.20.1+1\bin\msvcp140.dll
0x00007ffa33020000 - 0x00007ffa33c8c000 	C:\Users\Edu Juanda Pratama\AppData\Local\Temp\temurin17\jdk-17.0.20.1+1\bin\server\jvm.dll
0x00007ffac73e0000 - 0x00007ffac749c000 	C:\WINDOWS\System32\ADVAPI32.dll
0x00007ffac84a0000 - 0x00007ffac8549000 	C:\WINDOWS\System32\sechost.dll
0x00007ffac80f0000 - 0x00007ffac8208000 	C:\WINDOWS\System32\RPCRT4.dll
0x00007ffac8c30000 - 0x00007ffac8cb0000 	C:\WINDOWS\System32\WS2_32.dll
0x00007ffac6350000 - 0x00007ffac63ae000 	C:\WINDOWS\SYSTEM32\POWRPROF.dll
0x00007ffabfe80000 - 0x00007ffabfe8b000 	C:\WINDOWS\SYSTEM32\VERSION.dll
0x00007ffabee20000 - 0x00007ffabee56000 	C:\WINDOWS\SYSTEM32\WINMM.dll
0x00007ffac6330000 - 0x00007ffac6345000 	C:\WINDOWS\SYSTEM32\UMPDC.dll
0x00007ffac51a0000 - 0x00007ffac51bb000 	C:\WINDOWS\SYSTEM32\kernel.appcore.dll
0x00007ffaa0510000 - 0x00007ffaa051a000 	C:\Users\Edu Juanda Pratama\AppData\Local\Temp\temurin17\jdk-17.0.20.1+1\bin\jimage.dll
0x00007ffac36d0000 - 0x00007ffac3912000 	C:\WINDOWS\SYSTEM32\DBGHELP.DLL
0x00007ffac8550000 - 0x00007ffac88d4000 	C:\WINDOWS\System32\combase.dll
0x00007ffac77c0000 - 0x00007ffac7899000 	C:\WINDOWS\System32\OLEAUT32.dll
0x00007ffab49b0000 - 0x00007ffab49eb000 	C:\WINDOWS\SYSTEM32\dbgcore.DLL
0x00007ffac6dd0000 - 0x00007ffac6e7c000 	C:\WINDOWS\System32\bcryptPrimitives.dll
0x00007ffa9fcd0000 - 0x00007ffa9fcde000 	C:\Users\Edu Juanda Pratama\AppData\Local\Temp\temurin17\jdk-17.0.20.1+1\bin\instrument.dll
0x00007ffa69ee0000 - 0x00007ffa69f05000 	C:\Users\Edu Juanda Pratama\AppData\Local\Temp\temurin17\jdk-17.0.20.1+1\bin\java.dll
0x00007ffa43c20000 - 0x00007ffa43cf7000 	C:\Users\Edu Juanda Pratama\AppData\Local\Temp\temurin17\jdk-17.0.20.1+1\bin\jsvml.dll
0x00007ffac7930000 - 0x00007ffac80c8000 	C:\WINDOWS\System32\SHELL32.dll
0x00007ffac3f70000 - 0x00007ffac481e000 	C:\WINDOWS\SYSTEM32\windows.storage.dll
0x00007ffac7210000 - 0x00007ffac730b000 	C:\WINDOWS\System32\SHCORE.dll
0x00007ffac8990000 - 0x00007ffac89f6000 	C:\WINDOWS\System32\shlwapi.dll
0x00007ffac63f0000 - 0x00007ffac6419000 	C:\WINDOWS\SYSTEM32\profapi.dll
0x00007ffa65e60000 - 0x00007ffa65e78000 	C:\Users\Edu Juanda Pratama\AppData\Local\Temp\temurin17\jdk-17.0.20.1+1\bin\zip.dll
0x00007ffa65c60000 - 0x00007ffa65c7a000 	C:\Users\Edu Juanda Pratama\AppData\Local\Temp\temurin17\jdk-17.0.20.1+1\bin\net.dll
0x00007ffabe680000 - 0x00007ffabe7aa000 	C:\WINDOWS\SYSTEM32\WINHTTP.dll
0x00007ffac5760000 - 0x00007ffac57cc000 	C:\WINDOWS\system32\mswsock.dll
0x00007ffa625a0000 - 0x00007ffa625b6000 	C:\Users\Edu Juanda Pratama\AppData\Local\Temp\temurin17\jdk-17.0.20.1+1\bin\nio.dll
0x00007ffaa0d00000 - 0x00007ffaa0d10000 	C:\Users\Edu Juanda Pratama\AppData\Local\Temp\temurin17\jdk-17.0.20.1+1\bin\verify.dll
0x00007ffa61e90000 - 0x00007ffa61eb7000 	C:\Users\Edu Juanda Pratama\.gradle\native\1def1411415f61bf3af743bc5b6707747c0891f09f0c88961ee8f79bc544acac\windows-amd64\native-platform.dll
0x00007ffa61cd0000 - 0x00007ffa61d48000 	C:\Users\Edu Juanda Pratama\.gradle\native\0.2.7\x86_64-windows-gnu\gradle-fileevents.dll
0x00007ffaa0cf0000 - 0x00007ffaa0cfa000 	C:\Users\Edu Juanda Pratama\AppData\Local\Temp\temurin17\jdk-17.0.20.1+1\bin\management.dll
0x00007ffaa0ce0000 - 0x00007ffaa0cec000 	C:\Users\Edu Juanda Pratama\AppData\Local\Temp\temurin17\jdk-17.0.20.1+1\bin\management_ext.dll
0x00007ffac8cc0000 - 0x00007ffac8cc8000 	C:\WINDOWS\System32\PSAPI.DLL
0x00007ffac4b70000 - 0x00007ffac4ba3000 	C:\WINDOWS\SYSTEM32\IPHLPAPI.DLL
0x00007ffac7500000 - 0x00007ffac750a000 	C:\WINDOWS\System32\NSI.dll
0x00007ffabedf0000 - 0x00007ffabee0d000 	C:\WINDOWS\SYSTEM32\dhcpcsvc6.DLL
0x00007ffabdba0000 - 0x00007ffabdbc5000 	C:\WINDOWS\SYSTEM32\dhcpcsvc.DLL
0x00007ffac4bb0000 - 0x00007ffac4d08000 	C:\WINDOWS\SYSTEM32\DNSAPI.dll
0x00007ffac5540000 - 0x00007ffac554d000 	C:\WINDOWS\SYSTEM32\DSPARSE.dll
0x00007ffa9e100000 - 0x00007ffa9e109000 	C:\Users\Edu Juanda Pratama\AppData\Local\Temp\temurin17\jdk-17.0.20.1+1\bin\extnet.dll
0x00007ffac5a50000 - 0x00007ffac5a6b000 	C:\WINDOWS\SYSTEM32\CRYPTSP.dll
0x00007ffac5100000 - 0x00007ffac5139000 	C:\WINDOWS\system32\rsaenh.dll
0x00007ffac5810000 - 0x00007ffac5844000 	C:\WINDOWS\SYSTEM32\USERENV.dll
0x00007ffac63c0000 - 0x00007ffac63ea000 	C:\WINDOWS\SYSTEM32\bcrypt.dll
0x00007ffac5a70000 - 0x00007ffac5a7c000 	C:\WINDOWS\SYSTEM32\CRYPTBASE.dll
0x00007ffa9e090000 - 0x00007ffa9e09e000 	C:\Users\Edu Juanda Pratama\AppData\Local\Temp\temurin17\jdk-17.0.20.1+1\bin\sunmscapi.dll
0x00007ffac66c0000 - 0x00007ffac683e000 	C:\WINDOWS\System32\CRYPT32.dll
0x00007ffac5c90000 - 0x00007ffac5cc0000 	C:\WINDOWS\SYSTEM32\ncrypt.dll
0x00007ffac5c40000 - 0x00007ffac5c7f000 	C:\WINDOWS\SYSTEM32\NTASN1.dll
0x00007ffa96c10000 - 0x00007ffa96c18000 	C:\WINDOWS\system32\wshunix.dll
0x00007ffac52d0000 - 0x00007ffac5306000 	C:\WINDOWS\SYSTEM32\ntmarta.dll
0x00007ffa9d790000 - 0x00007ffa9d797000 	C:\Users\Edu Juanda Pratama\AppData\Local\Temp\temurin17\jdk-17.0.20.1+1\bin\rmi.dll

dbghelp: loaded successfully - version: 4.0.5 - missing functions: none
symbol engine: initialized successfully - sym options: 0x614 - pdb path: .;C:\Users\Edu Juanda Pratama\AppData\Local\Temp\temurin17\jdk-17.0.20.1+1\bin;C:\WINDOWS\SYSTEM32;C:\WINDOWS\WinSxS\amd64_microsoft.windows.common-controls_6595b64144ccf1df_6.0.26100.9278_none_3e0d1ba8e3303201;C:\Users\Edu Juanda Pratama\AppData\Local\Temp\temurin17\jdk-17.0.20.1+1\bin\server;C:\Users\Edu Juanda Pratama\.gradle\native\1def1411415f61bf3af743bc5b6707747c0891f09f0c88961ee8f79bc544acac\windows-amd64;C:\Users\Edu Juanda Pratama\.gradle\native\0.2.7\x86_64-windows-gnu

VM Arguments:
jvm_args: --add-opens=java.base/java.lang=ALL-UNNAMED --add-opens=java.base/java.lang.invoke=ALL-UNNAMED --add-opens=java.base/java.util=ALL-UNNAMED --add-opens=java.prefs/java.util.prefs=ALL-UNNAMED --add-exports=jdk.compiler/com.sun.tools.javac.api=ALL-UNNAMED --add-exports=jdk.compiler/com.sun.tools.javac.util=ALL-UNNAMED --add-opens=java.base/java.util=ALL-UNNAMED --add-opens=java.prefs/java.util.prefs=ALL-UNNAMED --add-opens=java.base/java.nio.charset=ALL-UNNAMED --add-opens=java.base/java.net=ALL-UNNAMED --add-opens=java.base/java.util.concurrent.atomic=ALL-UNNAMED --add-opens=java.xml/javax.xml.namespace=ALL-UNNAMED -XX:MaxMetaspaceSize=384m -XX:+HeapDumpOnOutOfMemoryError -Xms256m -Xmx512m -Dfile.encoding=windows-1252 -Duser.country=US -Duser.language=en -Duser.variant -javaagent:C:\Users\Edu Juanda Pratama\.gradle\wrapper\dists\gradle-8.13-bin\5xuhj0ry160q40clulazy9h7d\gradle-8.13\lib\agents\gradle-instrumentation-agent-8.13.jar 
java_command: org.gradle.launcher.daemon.bootstrap.GradleDaemon 8.13
java_class_path (initial): C:\Users\Edu Juanda Pratama\.gradle\wrapper\dists\gradle-8.13-bin\5xuhj0ry160q40clulazy9h7d\gradle-8.13\lib\gradle-daemon-main-8.13.jar
Launcher Type: SUN_STANDARD

[Global flags]
     intx CICompilerCount                          = 4                                         {product} {ergonomic}
   size_t CompressedClassSpaceSize                 = 335544320                                 {product} {ergonomic}
     uint ConcGCThreads                            = 3                                         {product} {ergonomic}
     uint G1ConcRefinementThreads                  = 10                                        {product} {ergonomic}
   size_t G1HeapRegionSize                         = 1048576                                   {product} {ergonomic}
    uintx GCDrainStackTargetSize                   = 64                                        {product} {ergonomic}
     bool HeapDumpOnOutOfMemoryError               = true                                   {manageable} {command line}
   size_t InitialHeapSize                          = 268435456                                 {product} {command line}
   size_t MarkStackSize                            = 4194304                                   {product} {ergonomic}
   size_t MaxHeapSize                              = 536870912                                 {product} {command line}
   size_t MaxMetaspaceSize                         = 402653184                                 {product} {command line}
   size_t MaxNewSize                               = 321912832                                 {product} {ergonomic}
   size_t MinHeapDeltaBytes                        = 1048576                                   {product} {ergonomic}
   size_t MinHeapSize                              = 268435456                                 {product} {command line}
    uintx NonNMethodCodeHeapSize                   = 5839372                                {pd product} {ergonomic}
    uintx NonProfiledCodeHeapSize                  = 122909434                              {pd product} {ergonomic}
    uintx ProfiledCodeHeapSize                     = 122909434                              {pd product} {ergonomic}
    uintx ReservedCodeCacheSize                    = 251658240                              {pd product} {ergonomic}
     bool SegmentedCodeCache                       = true                                      {product} {ergonomic}
   size_t SoftMaxHeapSize                          = 536870912                              {manageable} {ergonomic}
     bool UseCompressedClassPointers               = true                           {product lp64_product} {ergonomic}
     bool UseCompressedOops                        = true                           {product lp64_product} {ergonomic}
     bool UseG1GC                                  = true                                      {product} {ergonomic}
     bool UseLargePagesIndividualAllocation        = false                                  {pd product} {ergonomic}

Logging:
Log output configuration:
 #0: stdout all=warning uptime,level,tags
 #1: stderr all=off uptime,level,tags

Environment Variables:
JAVA_HOME=C:\Users\Edu Juanda Pratama\AppData\Local\Temp\temurin17\jdk-17.0.20.1+1
CLASSPATH=C:\Users\Edu Juanda Pratama\.gradle\wrapper\dists\gradle-8.13-bin\5xuhj0ry160q40clulazy9h7d\gradle-8.13\lib\gradle-gradle-cli-main-8.13.jar
PATH=C:\Program Files\WindowsApps\Microsoft.PowerShell_7.6.5.0_x64__8wekyb3d8bbwe;c:\Users\Edu Juanda Pratama\AppData\Roaming\Code\User\globalStorage\github.copilot-chat\debugCommand;c:\Users\Edu Juanda Pratama\AppData\Roaming\Code\User\globalStorage\github.copilot-chat\copilotCli;C:\Program Files\ImageMagick-7.1.2-Q16-HDRI;C:\Users\Edu Juanda Pratama\Desktop\ApkToll;D:\cursor\resources\app\bin;D:\Git\cmd;C:\WINDOWS\system32;C:\WINDOWS;C:\WINDOWS\System32\Wbem;C:\WINDOWS\System32\WindowsPowerShell\v1.0\;C:\WINDOWS\System32\OpenSSH\;C:\Program Files\Docker\Docker\resources\bin;C:\Program Files\Go\bin;C:\Program Files\nodejs\;C:\ProgramData\ComposerSetup\bin;C:\Users\Edu Juanda Pratama\.console-ninja\.bin;C:\WINDOWS\system32;C:\WINDOWS;C:\WINDOWS\System32\Wbem;C:\WINDOWS\System32\WindowsPowerShell\v1.0\;C:\WINDOWS\System32\OpenSSH\;D:\Users\MinGW\bin;C:\Users\Edu Juanda Pratama\AppData\Local\Microsoft\WindowsApps;D:\Clion\bin;D:\SFML-2.6.1\bin;D:\Program Files\nodejs\node_modules\npm\bin;D:\Program Files\nodejs;C:\Users\Edu Juanda Pratama\AppData\Roaming\Composer\vendor\bin;C:\Users\Edu Juanda Pratama\.bun\bin;D:\Git\bin;C:\Users\Edu Juanda Pratama\AppData\Local\Programs\Microsoft VS Code\bin;C:\php-8.3.8;C:\xampp;C:\xampp\xampp-control.ini;C:\Users\Edu Juanda Pratama\AppData\Local\Google\Cloud SDK\google-cloud-sdk\bin;C:\Users\Edu Juanda Pratama\AppData\Local\Programs\Python\Python313;C:\Users\Edu Juanda Pratama\AppData\Local\Programs\Python\Python311\Scripts;C:\Program Files\MongoDB\Server\8.0\bin;C:\Users\Edu Juanda Pratama\AppData\Local\Programs\mongosh\;C:\Users\Edu Juanda Pratama\AppData\Local\Programs\Ollama;C:\Users\Edu Juanda Pratama\AppData\Local\Programs\Windsurf\bin;C:\Program Files\PostgreSQL\16\bin;C:\src\flutter_windows_3.35.3-stable\flutter\bin;D:\AndroidSDK\cmdline-tools\latest\bin;D:\AndroidSDK\platform-tools;D:\AndroidSDK;ANDROID_HOME = D:\AndroidSDK;D:\AndroidSDK\tools;C:\Program Files\Eclipse Adoptium\jdk-17.0.16.8-hotspot\bin;c:\users\edu juanda pratama\.local\bin;C:\Users\Edu Juanda Pratama\AppData\Local\Programs\Python\Python313\Lib\site-packages\pip;C:\Users\Edu Juanda Pratama\AppData\Local\Programs\Python\Python313\Scripts\;C:\Program Files (x86)\Nmap;D:\Antigravity\bin;C:\Users\Edu Juanda Pratama\AppData\Local\Programs\Antigravity IDE\bin;C:\Users\Edu Juanda Pratama\AppData\Local\Programs\Zed\bin;C:\Users\Edu Juanda Pratama\AppData\Local\Microsoft\WindowsApps;C:\Users\Edu Juanda Pratama\go\bin;C:\Program Files\Go\bin;C:\Users\Edu Juanda Pratama\AppData\Roaming\npm;C:\Program Files\PostgreSQL\17\bin;
USERNAME=Edu Juanda Pratama
LANG=en_US.UTF-8
OS=Windows_NT
PROCESSOR_IDENTIFIER=AMD64 Family 25 Model 68 Stepping 1, AuthenticAMD
TMP=C:\Users\EDUJUA~1\AppData\Local\Temp
TEMP=C:\Users\EDUJUA~1\AppData\Local\Temp



Periodic native trim disabled


---------------  S Y S T E M  ---------------

OS:
 Windows 11 , 64 bit Build 26100 (10.0.26100.9278)
OS uptime: 6 days 15:51 hours

CPU: total 12 (initial active 12) (12 cores per cpu, 2 threads per core) family 25 model 68 stepping 1 microcode 0xa404102, cx8, cmov, fxsr, ht, mmx, 3dnowpref, sse, sse2, sse3, ssse3, sse4a, sse4.1, sse4.2, popcnt, lzcnt, tsc, tscinvbit, avx, avx2, aes, erms, clmul, bmi1, bmi2, adx, sha, fma, vzeroupper, clflush, clflushopt
Processor Information for processor 0
  Max Mhz: 3301, Current Mhz: 3301, Mhz Limit: 3301
Processor Information for processor 1
  Max Mhz: 3301, Current Mhz: 3301, Mhz Limit: 3301
Processor Information for processor 2
  Max Mhz: 3301, Current Mhz: 3301, Mhz Limit: 3301
Processor Information for processor 3
  Max Mhz: 3301, Current Mhz: 2008, Mhz Limit: 3301
Processor Information for processor 4
  Max Mhz: 3301, Current Mhz: 3301, Mhz Limit: 3301
Processor Information for processor 5
  Max Mhz: 3301, Current Mhz: 3301, Mhz Limit: 3301
Processor Information for processor 6
  Max Mhz: 3301, Current Mhz: 2008, Mhz Limit: 3301
Processor Information for processor 7
  Max Mhz: 3301, Current Mhz: 3301, Mhz Limit: 3301
Processor Information for processor 8
  Max Mhz: 3301, Current Mhz: 2008, Mhz Limit: 3301
Processor Information for processor 9
  Max Mhz: 3301, Current Mhz: 2008, Mhz Limit: 3301
Processor Information for processor 10
  Max Mhz: 3301, Current Mhz: 2008, Mhz Limit: 3301
Processor Information for processor 11
  Max Mhz: 3301, Current Mhz: 2008, Mhz Limit: 3301

Memory: 4k page, system-wide physical 15613M (8013M free)
TotalPageFile size 25853M (AvailPageFile size 43M)
current process WorkingSet (physical memory assigned to process): 603M, peak: 603M
current process commit charge ("private bytes"): 731M, peak: 771M

vm_info: OpenJDK 64-Bit Server VM (17.0.20.1+1) for windows-amd64 JRE (17.0.20.1+1), built on Aug 18 2026 20:44:09 by "admin" with MS VC++ 17.12 (VS2022)

END.
