#
# There is insufficient memory for the Java Runtime Environment to continue.
# Native memory allocation (malloc) failed to allocate 32744 bytes. Error detail: ChunkPool::allocate
# Possible reasons:
#   The system is out of physical RAM or swap space
#   This process is running with CompressedOops enabled, and the Java Heap may be blocking the growth of the native heap
# Possible solutions:
#   Reduce memory load on the system
#   Increase physical memory or swap space
#   Check if swap backing store is full
#   Decrease Java heap size (-Xmx/-Xms)
#   Decrease number of Java threads
#   Decrease Java thread stack sizes (-Xss)
#   Set larger code cache with -XX:ReservedCodeCacheSize=
#   JVM is running with Unscaled Compressed Oops mode in which the Java heap is
#     placed in the first 4GB address space. The Java Heap base address is the
#     maximum limit for the native heap growth. Please use -XX:HeapBaseMinAddress
#     to set the Java Heap base and to place the Java Heap above 4GB virtual address.
# This output file may be truncated or incomplete.
#
#  Out of Memory Error (arena.cpp:79), pid=15280, tid=15844
#
# JRE version: OpenJDK Runtime Environment Temurin-17.0.20.1+1 (17.0.20.1+1) (build 17.0.20.1+1)
# Java VM: OpenJDK 64-Bit Server VM Temurin-17.0.20.1+1 (17.0.20.1+1, mixed mode, sharing, tiered, compressed oops, compressed class ptrs, g1 gc, windows-amd64)
# No core dump will be written. Minidumps are not enabled by default on client versions of Windows
#

---------------  S U M M A R Y ------------

Command Line: --add-opens=java.base/java.lang=ALL-UNNAMED --add-opens=java.base/java.lang.invoke=ALL-UNNAMED --add-opens=java.base/java.util=ALL-UNNAMED --add-opens=java.prefs/java.util.prefs=ALL-UNNAMED --add-exports=jdk.compiler/com.sun.tools.javac.api=ALL-UNNAMED --add-exports=jdk.compiler/com.sun.tools.javac.util=ALL-UNNAMED --add-opens=java.base/java.util=ALL-UNNAMED --add-opens=java.prefs/java.util.prefs=ALL-UNNAMED --add-opens=java.base/java.nio.charset=ALL-UNNAMED --add-opens=java.base/java.net=ALL-UNNAMED --add-opens=java.base/java.util.concurrent.atomic=ALL-UNNAMED --add-opens=java.xml/javax.xml.namespace=ALL-UNNAMED -XX:MaxMetaspaceSize=384m -XX:+HeapDumpOnOutOfMemoryError -Xms256m -Xmx512m -Dfile.encoding=windows-1252 -Duser.country=US -Duser.language=en -Duser.variant -javaagent:C:\Users\Edu Juanda Pratama\.gradle\wrapper\dists\gradle-8.13-bin\5xuhj0ry160q40clulazy9h7d\gradle-8.13\lib\agents\gradle-instrumentation-agent-8.13.jar org.gradle.launcher.daemon.bootstrap.GradleDaemon 8.13

Host: AMD Ryzen 5 6600H with Radeon Graphics         , 12 cores, 15G,  Windows 11 , 64 bit Build 26100 (10.0.26100.9278)
Time: Sun Sep  6 03:56:36 2026 SE Asia Standard Time elapsed time: 16.350207 seconds (0d 0h 0m 16s)

---------------  T H R E A D  ---------------

Current thread (0x000001c4a8e620a0):  JavaThread "C2 CompilerThread2" daemon [_thread_in_native, id=15844, stack(0x0000002fa8100000,0x0000002fa8200000)]


Current CompileTask:
C2:16350 13578       4       com.android.tools.r8.dex.C::h (884 bytes)

Stack: [0x0000002fa8100000,0x0000002fa8200000]
Native frames: (J=compiled Java code, j=interpreted, Vv=VM code, C=native code)
V  [jvm.dll+0x684d39]
V  [jvm.dll+0x83a565]
V  [jvm.dll+0x83bfde]
V  [jvm.dll+0x83c663]
V  [jvm.dll+0x2490cf]
V  [jvm.dll+0xad73e]
V  [jvm.dll+0xadbdc]
V  [jvm.dll+0x610130]
V  [jvm.dll+0x615b7e]
V  [jvm.dll+0x616a76]
V  [jvm.dll+0x614f3e]
V  [jvm.dll+0x219d50]
V  [jvm.dll+0x21931f]
V  [jvm.dll+0x1a49e0]
V  [jvm.dll+0x229a6a]
V  [jvm.dll+0x227c1b]
V  [jvm.dll+0x7f0d18]
V  [jvm.dll+0x7eb17c]
V  [jvm.dll+0x683c07]
C  [ucrtbase.dll+0x2cd30]
C  [KERNEL32.DLL+0x2ccb7]
C  [ntdll.dll+0xacaec]


---------------  P R O C E S S  ---------------

Threads class SMR info:
_java_thread_list=0x000001c4af4aa400, length=66, elements={
0x000001c4f0afee00, 0x000001c4feace980, 0x000001c4fead0550, 0x000001c4feae5ed0,
0x000001c4feae6a90, 0x000001c4feae9560, 0x000001c4feaebf30, 0x000001c4feaeccd0,
0x000001c4feaf2c90, 0x000001c4feb016c0, 0x000001c4fed1c110, 0x000001c4fed1acd0,
0x000001c4fed1b6f0, 0x000001c4a91494f0, 0x000001c4fed1bc00, 0x000001c4fed1c620,
0x000001c4fed1cb30, 0x000001c4fed1d040, 0x000001c4fed1da60, 0x000001c4fed1d550,
0x000001c4fed1df70, 0x000001c4fed1e480, 0x000001c4a95916e0, 0x000001c4a9592b20,
0x000001c4a95902a0, 0x000001c4a9592100, 0x000001c4a95911d0, 0x000001c4a95907b0,
0x000001c4a958f880, 0x000001c4a9591bf0, 0x000001c4a9593f60, 0x000001c4a9594470,
0x000001c4a9593a50, 0x000001c4a95967e0, 0x000001c4a9594e90, 0x000001c4a9596cf0,
0x000001c4a9595dc0, 0x000001c4a9594980, 0x000001c4a95953a0, 0x000001c4a95962d0,
0x000001c4a8e620a0, 0x000001c4ad3dfa80, 0x000001c4ad3dff90, 0x000001c4ad3e2300,
0x000001c4ad3deb50, 0x000001c4ad3e04a0, 0x000001c4ad3e09b0, 0x000001c4fed1b1e0,
0x000001c4ae976180, 0x000001c4ae9775c0, 0x000001c4ae9770b0, 0x000001c4ae977ad0,
0x000001c4ae975c70, 0x000001c4ae976ba0, 0x000001c4ae9784f0, 0x000001c4ae975250,
0x000001c4ae978a00, 0x000001c4ae979e40, 0x000001c4ae977fe0, 0x000001c4ae976690,
0x000001c4ae97a350, 0x000001c4ae979930, 0x000001c4ae97c1b0, 0x000001c4ae97b280,
0x000001c4ae97a860, 0x000001c4ae97ad70
}

Java Threads: ( => current thread )
  0x000001c4f0afee00 JavaThread "main" [_thread_blocked, id=22168, stack(0x0000002fa4600000,0x0000002fa4700000)]
  0x000001c4feace980 JavaThread "Reference Handler" daemon [_thread_blocked, id=24044, stack(0x0000002fa4d00000,0x0000002fa4e00000)]
  0x000001c4fead0550 JavaThread "Finalizer" daemon [_thread_blocked, id=22308, stack(0x0000002fa4e00000,0x0000002fa4f00000)]
  0x000001c4feae5ed0 JavaThread "Signal Dispatcher" daemon [_thread_blocked, id=25268, stack(0x0000002fa4f00000,0x0000002fa5000000)]
  0x000001c4feae6a90 JavaThread "Attach Listener" daemon [_thread_blocked, id=7332, stack(0x0000002fa5000000,0x0000002fa5100000)]
  0x000001c4feae9560 JavaThread "Service Thread" daemon [_thread_blocked, id=17636, stack(0x0000002fa5100000,0x0000002fa5200000)]
  0x000001c4feaebf30 JavaThread "Monitor Deflation Thread" daemon [_thread_blocked, id=4504, stack(0x0000002fa5200000,0x0000002fa5300000)]
  0x000001c4feaeccd0 JavaThread "C2 CompilerThread0" daemon [_thread_in_native, id=27264, stack(0x0000002fa5300000,0x0000002fa5400000)]
  0x000001c4feaf2c90 JavaThread "C1 CompilerThread0" daemon [_thread_in_native, id=27084, stack(0x0000002fa5400000,0x0000002fa5500000)]
  0x000001c4feb016c0 JavaThread "Sweeper thread" daemon [_thread_blocked, id=8792, stack(0x0000002fa5500000,0x0000002fa5600000)]
  0x000001c4fed1c110 JavaThread "Common-Cleaner" daemon [_thread_blocked, id=3652, stack(0x0000002fa5600000,0x0000002fa5700000)]
  0x000001c4fed1acd0 JavaThread "Notification Thread" daemon [_thread_blocked, id=25192, stack(0x0000002fa5700000,0x0000002fa5800000)]
  0x000001c4fed1b6f0 JavaThread "Daemon health stats" [_thread_blocked, id=28788, stack(0x0000002fa6100000,0x0000002fa6200000)]
  0x000001c4a91494f0 JavaThread "C2 CompilerThread1" daemon [_thread_in_native, id=22120, stack(0x0000002fa5900000,0x0000002fa5a00000)]
  0x000001c4fed1bc00 JavaThread "Incoming local TCP Connector on port 55821" [_thread_in_native, id=27740, stack(0x0000002fa5a00000,0x0000002fa5b00000)]
  0x000001c4fed1c620 JavaThread "Daemon periodic checks" [_thread_blocked, id=19760, stack(0x0000002fa6200000,0x0000002fa6300000)]
  0x000001c4fed1cb30 JavaThread "Daemon" [_thread_blocked, id=24572, stack(0x0000002fa6300000,0x0000002fa6400000)]
  0x000001c4fed1d040 JavaThread "Handler for socket connection from /127.0.0.1:55821 to /127.0.0.1:55823" [_thread_in_native, id=9612, stack(0x0000002fa6400000,0x0000002fa6500000)]
  0x000001c4fed1da60 JavaThread "Cancel handler" [_thread_blocked, id=28964, stack(0x0000002fa6500000,0x0000002fa6600000)]
  0x000001c4fed1d550 JavaThread "Daemon worker" [_thread_blocked, id=9584, stack(0x0000002fa6600000,0x0000002fa6700000)]
  0x000001c4fed1df70 JavaThread "Asynchronous log dispatcher for DefaultDaemonConnection: socket connection from /127.0.0.1:55821 to /127.0.0.1:55823" [_thread_blocked, id=15700, stack(0x0000002fa6700000,0x0000002fa6800000)]
  0x000001c4fed1e480 JavaThread "Stdin handler" [_thread_blocked, id=28500, stack(0x0000002fa6800000,0x0000002fa6900000)]
  0x000001c4a95916e0 JavaThread "Daemon client event forwarder" [_thread_blocked, id=2992, stack(0x0000002fa6900000,0x0000002fa6a00000)]
  0x000001c4a9592b20 JavaThread "Cache worker for journal cache (C:\Users\Edu Juanda Pratama\.gradle\caches\journal-1)" [_thread_blocked, id=10704, stack(0x0000002fa6a00000,0x0000002fa6b00000)]
  0x000001c4a95902a0 JavaThread "File lock request listener" [_thread_in_native, id=15760, stack(0x0000002fa6b00000,0x0000002fa6c00000)]
  0x000001c4a9592100 JavaThread "Cache worker for file hash cache (C:\Users\Edu Juanda Pratama\.gradle\caches\8.13\fileHashes)" [_thread_blocked, id=23240, stack(0x0000002fa6c00000,0x0000002fa6d00000)]
  0x000001c4a95911d0 JavaThread "Cache worker for file hash cache (C:\Users\Edu Juanda Pratama\Downloads\remotedeviceandroidtoandroid (7)\remotedeviceandroidtoandroid\artifacts\linkdroid-android\native-kotlin\.gradle\8.13\fileHashes)" [_thread_blocked, id=12080, stack(0x0000002fa6e00000,0x0000002fa6f00000)]
  0x000001c4a95907b0 JavaThread "Cache worker for Build Output Cleanup Cache (C:\Users\Edu Juanda Pratama\Downloads\remotedeviceandroidtoandroid (7)\remotedeviceandroidtoandroid\artifacts\linkdroid-android\native-kotlin\.gradle\buildOutputCleanup)" [_thread_blocked, id=4948, stack(0x0000002fa6f00000,0x0000002fa7000000)]
  0x000001c4a958f880 JavaThread "File watcher server" daemon [_thread_in_native, id=13668, stack(0x0000002fa7600000,0x0000002fa7700000)]
  0x000001c4a9591bf0 JavaThread "File watcher consumer" daemon [_thread_blocked, id=22568, stack(0x0000002fa7700000,0x0000002fa7800000)]
  0x000001c4a9593f60 JavaThread "Cache worker for checksums cache (C:\Users\Edu Juanda Pratama\Downloads\remotedeviceandroidtoandroid (7)\remotedeviceandroidtoandroid\artifacts\linkdroid-android\native-kotlin\.gradle\8.13\checksums)" [_thread_blocked, id=23332, stack(0x0000002fa7800000,0x0000002fa7900000)]
  0x000001c4a9594470 JavaThread "Cache worker for file content cache (C:\Users\Edu Juanda Pratama\.gradle\caches\8.13\fileContent)" [_thread_blocked, id=25252, stack(0x0000002fa7900000,0x0000002fa7a00000)]
  0x000001c4a9593a50 JavaThread "Cache worker for cache directory md-supplier (C:\Users\Edu Juanda Pratama\.gradle\caches\8.13\md-supplier)" [_thread_blocked, id=28496, stack(0x0000002fa7a00000,0x0000002fa7b00000)]
  0x000001c4a95967e0 JavaThread "Cache worker for cache directory md-rule (C:\Users\Edu Juanda Pratama\.gradle\caches\8.13\md-rule)" [_thread_blocked, id=9296, stack(0x0000002fa7b00000,0x0000002fa7c00000)]
  0x000001c4a9594e90 JavaThread "Unconstrained build operations" [_thread_blocked, id=2000, stack(0x0000002fa7c00000,0x0000002fa7d00000)]
  0x000001c4a9596cf0 JavaThread "Unconstrained build operations Thread 2" [_thread_blocked, id=4680, stack(0x0000002fa7d00000,0x0000002fa7e00000)]
  0x000001c4a9595dc0 JavaThread "Unconstrained build operations Thread 3" [_thread_blocked, id=29476, stack(0x0000002fa7e00000,0x0000002fa7f00000)]
  0x000001c4a9594980 JavaThread "Memory manager" [_thread_blocked, id=5472, stack(0x0000002fa7f00000,0x0000002fa8000000)]
  0x000001c4a95953a0 JavaThread "Problems report writer" [_thread_blocked, id=2616, stack(0x0000002fa8000000,0x0000002fa8100000)]
  0x000001c4a95962d0 JavaThread "build event listener" [_thread_blocked, id=29656, stack(0x0000002fa6d00000,0x0000002fa6e00000)]
=>0x000001c4a8e620a0 JavaThread "C2 CompilerThread2" daemon [_thread_in_native, id=15844, stack(0x0000002fa8100000,0x0000002fa8200000)]
  0x000001c4ad3dfa80 JavaThread "pool-3-thread-1" [_thread_blocked, id=18436, stack(0x0000002fa8200000,0x0000002fa8300000)]
  0x000001c4ad3dff90 JavaThread "build event listener" [_thread_blocked, id=9036, stack(0x0000002fa8300000,0x0000002fa8400000)]
  0x000001c4ad3e2300 JavaThread "included builds" [_thread_blocked, id=18636, stack(0x0000002fa8400000,0x0000002fa8500000)]
  0x000001c4ad3deb50 JavaThread "Cache worker for execution history cache (C:\Users\Edu Juanda Pratama\Downloads\remotedeviceandroidtoandroid (7)\remotedeviceandroidtoandroid\artifacts\linkdroid-android\native-kotlin\.gradle\8.13\executionHistory)" [_thread_blocked, id=23144, stack(0x0000002fa8500000,0x0000002fa8600000)]
  0x000001c4ad3e04a0 JavaThread "Unconstrained build operations Thread 4" [_thread_blocked, id=21820, stack(0x0000002fa8600000,0x0000002fa8700000)]
  0x000001c4ad3e09b0 JavaThread "Unconstrained build operations Thread 5" [_thread_blocked, id=25344, stack(0x0000002fa8700000,0x0000002fa8800000)]
  0x000001c4fed1b1e0 JavaThread "Unconstrained build operations Thread 6" [_thread_blocked, id=8484, stack(0x0000002fa8800000,0x0000002fa8900000)]
  0x000001c4ae976180 JavaThread "Unconstrained build operations Thread 7" [_thread_blocked, id=15076, stack(0x0000002fa8900000,0x0000002fa8a00000)]
  0x000001c4ae9775c0 JavaThread "Unconstrained build operations Thread 8" [_thread_blocked, id=21128, stack(0x0000002fa8a00000,0x0000002fa8b00000)]
  0x000001c4ae9770b0 JavaThread "Unconstrained build operations Thread 9" [_thread_blocked, id=24700, stack(0x0000002fa8b00000,0x0000002fa8c00000)]
  0x000001c4ae977ad0 JavaThread "Unconstrained build operations Thread 10" [_thread_blocked, id=22296, stack(0x0000002fa8c00000,0x0000002fa8d00000)]
  0x000001c4ae975c70 JavaThread "WorkerExecutor Queue" [_thread_blocked, id=4712, stack(0x0000002fa8e00000,0x0000002fa8f00000)]
  0x000001c4ae976ba0 JavaThread "WorkerExecutor Queue Thread 2" [_thread_blocked, id=8168, stack(0x0000002fa8f00000,0x0000002fa9000000)]
  0x000001c4ae9784f0 JavaThread "ForkJoinPool-1-worker-1" daemon [_thread_blocked, id=18732, stack(0x0000002fa9700000,0x0000002fa9800000)]
  0x000001c4ae975250 JavaThread "ForkJoinPool-1-worker-2" daemon [_thread_in_Java, id=23840, stack(0x0000002fa9800000,0x0000002fa9900000)]
  0x000001c4ae978a00 JavaThread "ForkJoinPool-1-worker-3" daemon [_thread_blocked, id=22012, stack(0x0000002fa9900000,0x0000002fa9a00000)]
  0x000001c4ae979e40 JavaThread "ForkJoinPool-1-worker-4" daemon [_thread_in_Java, id=28940, stack(0x0000002fa9a00000,0x0000002fa9b00000)]
  0x000001c4ae977fe0 JavaThread "ForkJoinPool-1-worker-5" daemon [_thread_in_Java, id=25004, stack(0x0000002fa9b00000,0x0000002fa9c00000)]
  0x000001c4ae976690 JavaThread "ForkJoinPool-1-worker-6" daemon [_thread_in_Java, id=26440, stack(0x0000002fa9c00000,0x0000002fa9d00000)]
  0x000001c4ae97a350 JavaThread "ForkJoinPool-1-worker-7" daemon [_thread_in_Java, id=4832, stack(0x0000002fa9d00000,0x0000002fa9e00000)]
  0x000001c4ae979930 JavaThread "ForkJoinPool-1-worker-8" daemon [_thread_in_Java, id=27320, stack(0x0000002fa9e00000,0x0000002fa9f00000)]
  0x000001c4ae97c1b0 JavaThread "ForkJoinPool-1-worker-9" daemon [_thread_in_Java, id=13564, stack(0x0000002fa9f00000,0x0000002faa000000)]
  0x000001c4ae97b280 JavaThread "ForkJoinPool-1-worker-10" daemon [_thread_blocked, id=16916, stack(0x0000002faa000000,0x0000002faa100000)]
  0x000001c4ae97a860 JavaThread "ForkJoinPool-1-worker-11" daemon [_thread_blocked, id=8896, stack(0x0000002faa100000,0x0000002faa200000)]
  0x000001c4ae97ad70 JavaThread "ForkJoinPool-1-worker-12" daemon [_thread_in_Java, id=23376, stack(0x0000002faa200000,0x0000002faa300000)]

Other Threads:
  0x000001c4feaca7a0 VMThread "VM Thread" [stack: 0x0000002fa4c00000,0x0000002fa4d00000] [id=5764]
  0x000001c4fedc98f0 WatcherThread [stack: 0x0000002fa5800000,0x0000002fa5900000] [id=14640]
  0x000001c4f0b2fdb0 GCTaskThread "GC Thread#0" [stack: 0x0000002fa4700000,0x0000002fa4800000] [id=21856]
  0x000001c4ff05dd50 GCTaskThread "GC Thread#1" [stack: 0x0000002fa5b00000,0x0000002fa5c00000] [id=29532]
  0x000001c4ff05eb10 GCTaskThread "GC Thread#2" [stack: 0x0000002fa5c00000,0x0000002fa5d00000] [id=28988]
  0x000001c4ff05cf90 GCTaskThread "GC Thread#3" [stack: 0x0000002fa5d00000,0x0000002fa5e00000] [id=21496]
  0x000001c4ff05da90 GCTaskThread "GC Thread#4" [stack: 0x0000002fa5e00000,0x0000002fa5f00000] [id=28408]
  0x000001c4ff05d7d0 GCTaskThread "GC Thread#5" [stack: 0x0000002fa5f00000,0x0000002fa6000000] [id=13672]
  0x000001c4ff05d510 GCTaskThread "GC Thread#6" [stack: 0x0000002fa7000000,0x0000002fa7100000] [id=17824]
  0x000001c4ff05d250 GCTaskThread "GC Thread#7" [stack: 0x0000002fa7100000,0x0000002fa7200000] [id=11572]
  0x000001c4a977cab0 GCTaskThread "GC Thread#8" [stack: 0x0000002fa7200000,0x0000002fa7300000] [id=8860]
  0x000001c4a977a430 GCTaskThread "GC Thread#9" [stack: 0x0000002fa7300000,0x0000002fa7400000] [id=14144]
  0x000001c4f0b34d00 ConcurrentGCThread "G1 Main Marker" [stack: 0x0000002fa4800000,0x0000002fa4900000] [id=26160]
  0x000001c4f0b37a40 ConcurrentGCThread "G1 Conc#0" [stack: 0x0000002fa4900000,0x0000002fa4a00000] [id=11556]
  0x000001c4a977d030 ConcurrentGCThread "G1 Conc#1" [stack: 0x0000002fa7400000,0x0000002fa7500000] [id=25256]
  0x000001c4a977a9b0 ConcurrentGCThread "G1 Conc#2" [stack: 0x0000002fa7500000,0x0000002fa7600000] [id=21928]
  0x000001c4f0bae750 ConcurrentGCThread "G1 Refine#0" [stack: 0x0000002fa4a00000,0x0000002fa4b00000] [id=19256]
  0x000001c4ff209650 ConcurrentGCThread "G1 Refine#1" [stack: 0x0000002fa6000000,0x0000002fa6100000] [id=24112]
  0x000001c4af4b1580 ConcurrentGCThread "G1 Refine#2" [stack: 0x0000002fa8d00000,0x0000002fa8e00000] [id=17072]
  0x000001c4af4b35d0 ConcurrentGCThread "G1 Refine#3" [stack: 0x0000002fa9000000,0x0000002fa9100000] [id=2856]
  0x000001c4af4b1290 ConcurrentGCThread "G1 Refine#4" [stack: 0x0000002fa9100000,0x0000002fa9200000] [id=19384]
  0x000001c4af4b32e0 ConcurrentGCThread "G1 Refine#5" [stack: 0x0000002fa9200000,0x0000002fa9300000] [id=9060]
  0x000001c4af4b0cb0 ConcurrentGCThread "G1 Refine#6" [stack: 0x0000002fa9300000,0x0000002fa9400000] [id=14808]
  0x000001c4af4b1b60 ConcurrentGCThread "G1 Refine#7" [stack: 0x0000002fa9400000,0x0000002fa9500000] [id=20336]
  0x000001c4af4b1870 ConcurrentGCThread "G1 Refine#8" [stack: 0x0000002fa9500000,0x0000002fa9600000] [id=27992]
  0x000001c4af4b3bb0 ConcurrentGCThread "G1 Refine#9" [stack: 0x0000002fa9600000,0x0000002fa9700000] [id=26268]
  0x000001c4fe980250 ConcurrentGCThread "G1 Service" [stack: 0x0000002fa4b00000,0x0000002fa4c00000] [id=27920]

Threads with active compile tasks:
C2 CompilerThread0  16388 13254 %     4       com.android.tools.r8.dex.C::a @ 143 (836 bytes)
C2 CompilerThread1  16388 13149       4       com.android.tools.r8.internal.Jm::a (3284 bytes)
C2 CompilerThread2  16388 13578       4       com.android.tools.r8.dex.C::h (884 bytes)

VM state: not at safepoint (normal execution)

VM Mutex/Monitor currently owned by a thread: None

Heap address: 0x00000000e0000000, size: 512 MB, Compressed Oops mode: 32-bit

CDS archive(s) mapped at: [0x000001c48f000000-0x000001c48fbb0000-0x000001c48fbb0000), size 12255232, SharedBaseAddress: 0x000001c48f000000, ArchiveRelocationMode: 1.
Compressed class space mapped at: 0x000001c490000000-0x000001c4a4000000, reserved size: 335544320
Narrow klass base: 0x000001c48f000000, Narrow klass shift: 0, Narrow klass range: 0x100000000

GC Precious Log:
 CPUs: 12 total, 12 available
 Memory: 15613M
 Large Page Support: Disabled
 NUMA Support: Disabled
 Compressed Oops: Enabled (32-bit)
 Heap Region Size: 1M
 Heap Min Capacity: 256M
 Heap Initial Capacity: 256M
 Heap Max Capacity: 512M
 Pre-touch: Disabled
 Parallel Workers: 10
 Concurrent Workers: 3
 Concurrent Refinement Workers: 10
 Periodic GC: Disabled

Heap:
 garbage-first heap   total 467968K, used 294761K [0x00000000e0000000, 0x0000000100000000)
  region size 1024K, 42 young (43008K), 8 survivors (8192K)
 Metaspace       used 102886K, committed 103744K, reserved 458752K
  class space    used 14391K, committed 14784K, reserved 327680K

Heap Regions: E=young(eden), S=young(survivor), O=old, HS=humongous(starts), HC=humongous(continues), CS=collection set, F=free, OA=open archive, CA=closed archive, TAMS=top-at-mark-start (previous, next)
|   0|0x00000000e0000000, 0x00000000e0100000, 0x00000000e0100000|100%|HS|  |TAMS 0x00000000e0100000, 0x00000000e0000000| Complete 
|   1|0x00000000e0100000, 0x00000000e0200000, 0x00000000e0200000|100%|HC|  |TAMS 0x00000000e0200000, 0x00000000e0100000| Complete 
|   2|0x00000000e0200000, 0x00000000e0300000, 0x00000000e0300000|100%|HC|  |TAMS 0x00000000e0300000, 0x00000000e0200000| Complete 
|   3|0x00000000e0300000, 0x00000000e0400000, 0x00000000e0400000|100%| O|  |TAMS 0x00000000e0400000, 0x00000000e0300000| Untracked 
|   4|0x00000000e0400000, 0x00000000e0500000, 0x00000000e0500000|100%| O|  |TAMS 0x00000000e0500000, 0x00000000e0400000| Untracked 
|   5|0x00000000e0500000, 0x00000000e0600000, 0x00000000e0600000|100%| O|  |TAMS 0x00000000e0600000, 0x00000000e0500000| Untracked 
|   6|0x00000000e0600000, 0x00000000e0700000, 0x00000000e0700000|100%|HS|  |TAMS 0x00000000e0700000, 0x00000000e0600000| Complete 
|   7|0x00000000e0700000, 0x00000000e0800000, 0x00000000e0800000|100%| O|  |TAMS 0x00000000e0800000, 0x00000000e0700000| Untracked 
|   8|0x00000000e0800000, 0x00000000e0900000, 0x00000000e0900000|100%| O|  |TAMS 0x00000000e0900000, 0x00000000e0800000| Untracked 
|   9|0x00000000e0900000, 0x00000000e0a00000, 0x00000000e0a00000|100%| O|  |TAMS 0x00000000e0a00000, 0x00000000e0900000| Untracked 
|  10|0x00000000e0a00000, 0x00000000e0b00000, 0x00000000e0b00000|100%|HS|  |TAMS 0x00000000e0b00000, 0x00000000e0a00000| Complete 
|  11|0x00000000e0b00000, 0x00000000e0c00000, 0x00000000e0c00000|100%| O|  |TAMS 0x00000000e0c00000, 0x00000000e0b00000| Untracked 
|  12|0x00000000e0c00000, 0x00000000e0d00000, 0x00000000e0d00000|100%| O|  |TAMS 0x00000000e0d00000, 0x00000000e0c00000| Untracked 
|  13|0x00000000e0d00000, 0x00000000e0e00000, 0x00000000e0e00000|100%| O|  |TAMS 0x00000000e0e00000, 0x00000000e0d00000| Untracked 
|  14|0x00000000e0e00000, 0x00000000e0f00000, 0x00000000e0f00000|100%| O|  |TAMS 0x00000000e0f00000, 0x00000000e0e00000| Untracked 
|  15|0x00000000e0f00000, 0x00000000e1000000, 0x00000000e1000000|100%| O|  |TAMS 0x00000000e1000000, 0x00000000e0f00000| Untracked 
|  16|0x00000000e1000000, 0x00000000e1100000, 0x00000000e1100000|100%| O|  |TAMS 0x00000000e1100000, 0x00000000e1000000| Untracked 
|  17|0x00000000e1100000, 0x00000000e1200000, 0x00000000e1200000|100%| O|  |TAMS 0x00000000e1200000, 0x00000000e1100000| Untracked 
|  18|0x00000000e1200000, 0x00000000e1300000, 0x00000000e1300000|100%| O|  |TAMS 0x00000000e1300000, 0x00000000e1200000| Untracked 
|  19|0x00000000e1300000, 0x00000000e1400000, 0x00000000e1400000|100%| O|  |TAMS 0x00000000e1400000, 0x00000000e1300000| Untracked 
|  20|0x00000000e1400000, 0x00000000e1500000, 0x00000000e1500000|100%| O|  |TAMS 0x00000000e1500000, 0x00000000e1400000| Untracked 
|  21|0x00000000e1500000, 0x00000000e1600000, 0x00000000e1600000|100%| O|  |TAMS 0x00000000e1600000, 0x00000000e1500000| Untracked 
|  22|0x00000000e1600000, 0x00000000e1700000, 0x00000000e1700000|100%| O|  |TAMS 0x00000000e1700000, 0x00000000e1600000| Untracked 
|  23|0x00000000e1700000, 0x00000000e1800000, 0x00000000e1800000|100%| O|  |TAMS 0x00000000e1800000, 0x00000000e1700000| Untracked 
|  24|0x00000000e1800000, 0x00000000e1900000, 0x00000000e1900000|100%| O|  |TAMS 0x00000000e1900000, 0x00000000e1800000| Untracked 
|  25|0x00000000e1900000, 0x00000000e1a00000, 0x00000000e1a00000|100%| O|  |TAMS 0x00000000e1a00000, 0x00000000e1900000| Untracked 
|  26|0x00000000e1a00000, 0x00000000e1b00000, 0x00000000e1b00000|100%| O|  |TAMS 0x00000000e1b00000, 0x00000000e1a00000| Untracked 
|  27|0x00000000e1b00000, 0x00000000e1c00000, 0x00000000e1c00000|100%| O|  |TAMS 0x00000000e1c00000, 0x00000000e1b00000| Untracked 
|  28|0x00000000e1c00000, 0x00000000e1d00000, 0x00000000e1d00000|100%| O|  |TAMS 0x00000000e1d00000, 0x00000000e1c00000| Untracked 
|  29|0x00000000e1d00000, 0x00000000e1e00000, 0x00000000e1e00000|100%| O|  |TAMS 0x00000000e1e00000, 0x00000000e1d00000| Untracked 
|  30|0x00000000e1e00000, 0x00000000e1f00000, 0x00000000e1f00000|100%| O|  |TAMS 0x00000000e1f00000, 0x00000000e1e00000| Untracked 
|  31|0x00000000e1f00000, 0x00000000e2000000, 0x00000000e2000000|100%|HS|  |TAMS 0x00000000e2000000, 0x00000000e1f00000| Complete 
|  32|0x00000000e2000000, 0x00000000e2100000, 0x00000000e2100000|100%|HS|  |TAMS 0x00000000e2100000, 0x00000000e2000000| Complete 
|  33|0x00000000e2100000, 0x00000000e2200000, 0x00000000e2200000|100%|HC|  |TAMS 0x00000000e2200000, 0x00000000e2100000| Complete 
|  34|0x00000000e2200000, 0x00000000e2300000, 0x00000000e2300000|100%|HS|  |TAMS 0x00000000e2300000, 0x00000000e2200000| Complete 
|  35|0x00000000e2300000, 0x00000000e2400000, 0x00000000e2400000|100%|HC|  |TAMS 0x00000000e2400000, 0x00000000e2300000| Complete 
|  36|0x00000000e2400000, 0x00000000e2500000, 0x00000000e2500000|100%|HS|  |TAMS 0x00000000e2500000, 0x00000000e2400000| Complete 
|  37|0x00000000e2500000, 0x00000000e2600000, 0x00000000e2600000|100%|HS|  |TAMS 0x00000000e2600000, 0x00000000e2500000| Complete 
|  38|0x00000000e2600000, 0x00000000e2700000, 0x00000000e2700000|100%| O|  |TAMS 0x00000000e2700000, 0x00000000e2600000| Untracked 
|  39|0x00000000e2700000, 0x00000000e2800000, 0x00000000e2800000|100%|HS|  |TAMS 0x00000000e2800000, 0x00000000e2700000| Complete 
|  40|0x00000000e2800000, 0x00000000e2900000, 0x00000000e2900000|100%|HS|  |TAMS 0x00000000e2900000, 0x00000000e2800000| Complete 
|  41|0x00000000e2900000, 0x00000000e2a00000, 0x00000000e2a00000|100%| O|  |TAMS 0x00000000e2a00000, 0x00000000e2900000| Untracked 
|  42|0x00000000e2a00000, 0x00000000e2b00000, 0x00000000e2b00000|100%| O|  |TAMS 0x00000000e2b00000, 0x00000000e2a00000| Untracked 
|  43|0x00000000e2b00000, 0x00000000e2c00000, 0x00000000e2c00000|100%| O|  |TAMS 0x00000000e2c00000, 0x00000000e2b00000| Untracked 
|  44|0x00000000e2c00000, 0x00000000e2d00000, 0x00000000e2d00000|100%| O|  |TAMS 0x00000000e2d00000, 0x00000000e2c00000| Untracked 
|  45|0x00000000e2d00000, 0x00000000e2e00000, 0x00000000e2e00000|100%|HS|  |TAMS 0x00000000e2e00000, 0x00000000e2d00000| Complete 
|  46|0x00000000e2e00000, 0x00000000e2f00000, 0x00000000e2f00000|100%| O|  |TAMS 0x00000000e2f00000, 0x00000000e2e00000| Untracked 
|  47|0x00000000e2f00000, 0x00000000e3000000, 0x00000000e3000000|100%| O|  |TAMS 0x00000000e3000000, 0x00000000e2f00000| Untracked 
|  48|0x00000000e3000000, 0x00000000e3100000, 0x00000000e3100000|100%| O|  |TAMS 0x00000000e3100000, 0x00000000e3000000| Untracked 
|  49|0x00000000e3100000, 0x00000000e3200000, 0x00000000e3200000|100%| O|  |TAMS 0x00000000e3200000, 0x00000000e3100000| Untracked 
|  50|0x00000000e3200000, 0x00000000e3300000, 0x00000000e3300000|100%| O|  |TAMS 0x00000000e3300000, 0x00000000e3200000| Untracked 
|  51|0x00000000e3300000, 0x00000000e3400000, 0x00000000e3400000|100%| O|  |TAMS 0x00000000e3400000, 0x00000000e3300000| Untracked 
|  52|0x00000000e3400000, 0x00000000e3500000, 0x00000000e3500000|100%| O|  |TAMS 0x00000000e3500000, 0x00000000e3400000| Untracked 
|  53|0x00000000e3500000, 0x00000000e3600000, 0x00000000e3600000|100%| O|  |TAMS 0x00000000e3600000, 0x00000000e3500000| Untracked 
|  54|0x00000000e3600000, 0x00000000e3700000, 0x00000000e3700000|100%| O|  |TAMS 0x00000000e3700000, 0x00000000e3600000| Untracked 
|  55|0x00000000e3700000, 0x00000000e3800000, 0x00000000e3800000|100%| O|  |TAMS 0x00000000e3800000, 0x00000000e3700000| Untracked 
|  56|0x00000000e3800000, 0x00000000e3900000, 0x00000000e3900000|100%| O|  |TAMS 0x00000000e3900000, 0x00000000e3800000| Untracked 
|  57|0x00000000e3900000, 0x00000000e3a00000, 0x00000000e3a00000|100%| O|  |TAMS 0x00000000e3a00000, 0x00000000e3900000| Untracked 
|  58|0x00000000e3a00000, 0x00000000e3b00000, 0x00000000e3b00000|100%| O|  |TAMS 0x00000000e3b00000, 0x00000000e3a00000| Untracked 
|  59|0x00000000e3b00000, 0x00000000e3c00000, 0x00000000e3c00000|100%| O|  |TAMS 0x00000000e3c00000, 0x00000000e3b00000| Untracked 
|  60|0x00000000e3c00000, 0x00000000e3d00000, 0x00000000e3d00000|100%| O|  |TAMS 0x00000000e3d00000, 0x00000000e3c00000| Untracked 
|  61|0x00000000e3d00000, 0x00000000e3e00000, 0x00000000e3e00000|100%| O|  |TAMS 0x00000000e3e00000, 0x00000000e3d00000| Untracked 
|  62|0x00000000e3e00000, 0x00000000e3f00000, 0x00000000e3f00000|100%| O|  |TAMS 0x00000000e3f00000, 0x00000000e3e00000| Untracked 
|  63|0x00000000e3f00000, 0x00000000e4000000, 0x00000000e4000000|100%| O|  |TAMS 0x00000000e4000000, 0x00000000e3f00000| Untracked 
|  64|0x00000000e4000000, 0x00000000e4100000, 0x00000000e4100000|100%| O|  |TAMS 0x00000000e4100000, 0x00000000e4000000| Untracked 
|  65|0x00000000e4100000, 0x00000000e4200000, 0x00000000e4200000|100%| O|  |TAMS 0x00000000e4200000, 0x00000000e4100000| Untracked 
|  66|0x00000000e4200000, 0x00000000e4300000, 0x00000000e4300000|100%| O|  |TAMS 0x00000000e4300000, 0x00000000e4200000| Untracked 
|  67|0x00000000e4300000, 0x00000000e4400000, 0x00000000e4400000|100%| O|  |TAMS 0x00000000e4400000, 0x00000000e4300000| Untracked 
|  68|0x00000000e4400000, 0x00000000e4500000, 0x00000000e4500000|100%| O|  |TAMS 0x00000000e4500000, 0x00000000e4400000| Untracked 
|  69|0x00000000e4500000, 0x00000000e4600000, 0x00000000e4600000|100%| O|  |TAMS 0x00000000e4600000, 0x00000000e4500000| Untracked 
|  70|0x00000000e4600000, 0x00000000e4700000, 0x00000000e4700000|100%| O|  |TAMS 0x00000000e4700000, 0x00000000e4600000| Untracked 
|  71|0x00000000e4700000, 0x00000000e4800000, 0x00000000e4800000|100%| O|  |TAMS 0x00000000e4800000, 0x00000000e4700000| Untracked 
|  72|0x00000000e4800000, 0x00000000e4900000, 0x00000000e4900000|100%|HS|  |TAMS 0x00000000e4900000, 0x00000000e4800000| Complete 
|  73|0x00000000e4900000, 0x00000000e4a00000, 0x00000000e4a00000|100%|HC|  |TAMS 0x00000000e4a00000, 0x00000000e4900000| Complete 
|  74|0x00000000e4a00000, 0x00000000e4b00000, 0x00000000e4b00000|100%|HC|  |TAMS 0x00000000e4b00000, 0x00000000e4a00000| Complete 
|  75|0x00000000e4b00000, 0x00000000e4c00000, 0x00000000e4c00000|100%|HC|  |TAMS 0x00000000e4c00000, 0x00000000e4b00000| Complete 
|  76|0x00000000e4c00000, 0x00000000e4d00000, 0x00000000e4d00000|100%|HS|  |TAMS 0x00000000e4d00000, 0x00000000e4c00000| Complete 
|  77|0x00000000e4d00000, 0x00000000e4e00000, 0x00000000e4e00000|100%| O|  |TAMS 0x00000000e4e00000, 0x00000000e4d00000| Untracked 
|  78|0x00000000e4e00000, 0x00000000e4f00000, 0x00000000e4f00000|100%| O|  |TAMS 0x00000000e4f00000, 0x00000000e4e00000| Untracked 
|  79|0x00000000e4f00000, 0x00000000e5000000, 0x00000000e5000000|100%| O|  |TAMS 0x00000000e5000000, 0x00000000e4f00000| Untracked 
|  80|0x00000000e5000000, 0x00000000e5100000, 0x00000000e5100000|100%| O|  |TAMS 0x00000000e5100000, 0x00000000e5000000| Untracked 
|  81|0x00000000e5100000, 0x00000000e5200000, 0x00000000e5200000|100%| O|  |TAMS 0x00000000e5100000, 0x00000000e5100000| Untracked 
|  82|0x00000000e5200000, 0x00000000e5300000, 0x00000000e5300000|100%| O|  |TAMS 0x00000000e5300000, 0x00000000e5200000| Untracked 
|  83|0x00000000e5300000, 0x00000000e5400000, 0x00000000e5400000|100%|HS|  |TAMS 0x00000000e5400000, 0x00000000e5300000| Complete 
|  84|0x00000000e5400000, 0x00000000e5500000, 0x00000000e5500000|100%|HC|  |TAMS 0x00000000e5500000, 0x00000000e5400000| Complete 
|  85|0x00000000e5500000, 0x00000000e5600000, 0x00000000e5600000|100%|HC|  |TAMS 0x00000000e5600000, 0x00000000e5500000| Complete 
|  86|0x00000000e5600000, 0x00000000e5700000, 0x00000000e5700000|100%|HC|  |TAMS 0x00000000e5700000, 0x00000000e5600000| Complete 
|  87|0x00000000e5700000, 0x00000000e5800000, 0x00000000e5800000|100%|HS|  |TAMS 0x00000000e5800000, 0x00000000e5700000| Complete 
|  88|0x00000000e5800000, 0x00000000e5900000, 0x00000000e5900000|100%|HS|  |TAMS 0x00000000e5900000, 0x00000000e5800000| Complete 
|  89|0x00000000e5900000, 0x00000000e5a00000, 0x00000000e5a00000|100%|HS|  |TAMS 0x00000000e5a00000, 0x00000000e5900000| Complete 
|  90|0x00000000e5a00000, 0x00000000e5b00000, 0x00000000e5b00000|100%|HS|  |TAMS 0x00000000e5b00000, 0x00000000e5a00000| Complete 
|  91|0x00000000e5b00000, 0x00000000e5c00000, 0x00000000e5c00000|100%|HC|  |TAMS 0x00000000e5c00000, 0x00000000e5b00000| Complete 
|  92|0x00000000e5c00000, 0x00000000e5d00000, 0x00000000e5d00000|100%|HC|  |TAMS 0x00000000e5d00000, 0x00000000e5c00000| Complete 
|  93|0x00000000e5d00000, 0x00000000e5e00000, 0x00000000e5e00000|100%|HS|  |TAMS 0x00000000e5e00000, 0x00000000e5d00000| Complete 
|  94|0x00000000e5e00000, 0x00000000e5f00000, 0x00000000e5f00000|100%|HC|  |TAMS 0x00000000e5f00000, 0x00000000e5e00000| Complete 
|  95|0x00000000e5f00000, 0x00000000e6000000, 0x00000000e6000000|100%|HS|  |TAMS 0x00000000e6000000, 0x00000000e5f00000| Complete 
|  96|0x00000000e6000000, 0x00000000e6100000, 0x00000000e6100000|100%|HC|  |TAMS 0x00000000e6100000, 0x00000000e6000000| Complete 
|  97|0x00000000e6100000, 0x00000000e6200000, 0x00000000e6200000|100%|HS|  |TAMS 0x00000000e6200000, 0x00000000e6100000| Complete 
|  98|0x00000000e6200000, 0x00000000e6300000, 0x00000000e6300000|100%|HC|  |TAMS 0x00000000e6300000, 0x00000000e6200000| Complete 
|  99|0x00000000e6300000, 0x00000000e6400000, 0x00000000e6400000|100%|HS|  |TAMS 0x00000000e6400000, 0x00000000e6300000| Complete 
| 100|0x00000000e6400000, 0x00000000e6500000, 0x00000000e6500000|100%|HS|  |TAMS 0x00000000e6500000, 0x00000000e6400000| Complete 
| 101|0x00000000e6500000, 0x00000000e6600000, 0x00000000e6600000|100%|HC|  |TAMS 0x00000000e6600000, 0x00000000e6500000| Complete 
| 102|0x00000000e6600000, 0x00000000e6700000, 0x00000000e6700000|100%|HS|  |TAMS 0x00000000e6700000, 0x00000000e6600000| Complete 
| 103|0x00000000e6700000, 0x00000000e6800000, 0x00000000e6800000|100%|HC|  |TAMS 0x00000000e6800000, 0x00000000e6700000| Complete 
| 104|0x00000000e6800000, 0x00000000e6900000, 0x00000000e6900000|100%|HC|  |TAMS 0x00000000e6900000, 0x00000000e6800000| Complete 
| 105|0x00000000e6900000, 0x00000000e6a00000, 0x00000000e6a00000|100%| O|  |TAMS 0x00000000e6a00000, 0x00000000e6900000| Untracked 
| 106|0x00000000e6a00000, 0x00000000e6b00000, 0x00000000e6b00000|100%|HS|  |TAMS 0x00000000e6b00000, 0x00000000e6a00000| Complete 
| 107|0x00000000e6b00000, 0x00000000e6c00000, 0x00000000e6c00000|100%|HS|  |TAMS 0x00000000e6c00000, 0x00000000e6b00000| Complete 
| 108|0x00000000e6c00000, 0x00000000e6d00000, 0x00000000e6d00000|100%|HC|  |TAMS 0x00000000e6d00000, 0x00000000e6c00000| Complete 
| 109|0x00000000e6d00000, 0x00000000e6e00000, 0x00000000e6e00000|100%| O|  |TAMS 0x00000000e6e00000, 0x00000000e6d00000| Untracked 
| 110|0x00000000e6e00000, 0x00000000e6f00000, 0x00000000e6f00000|100%| O|  |TAMS 0x00000000e6f00000, 0x00000000e6e00000| Untracked 
| 111|0x00000000e6f00000, 0x00000000e7000000, 0x00000000e7000000|100%| O|  |TAMS 0x00000000e7000000, 0x00000000e6f00000| Untracked 
| 112|0x00000000e7000000, 0x00000000e7100000, 0x00000000e7100000|100%| O|  |TAMS 0x00000000e7100000, 0x00000000e7000000| Untracked 
| 113|0x00000000e7100000, 0x00000000e7200000, 0x00000000e7200000|100%| O|  |TAMS 0x00000000e7200000, 0x00000000e7100000| Untracked 
| 114|0x00000000e7200000, 0x00000000e7300000, 0x00000000e7300000|100%| O|  |TAMS 0x00000000e7300000, 0x00000000e7200000| Untracked 
| 115|0x00000000e7300000, 0x00000000e7400000, 0x00000000e7400000|100%|HS|  |TAMS 0x00000000e7400000, 0x00000000e7300000| Complete 
| 116|0x00000000e7400000, 0x00000000e7500000, 0x00000000e7500000|100%|HC|  |TAMS 0x00000000e7500000, 0x00000000e7400000| Complete 
| 117|0x00000000e7500000, 0x00000000e7600000, 0x00000000e7600000|100%|HC|  |TAMS 0x00000000e7600000, 0x00000000e7500000| Complete 
| 118|0x00000000e7600000, 0x00000000e7700000, 0x00000000e7700000|100%|HC|  |TAMS 0x00000000e7700000, 0x00000000e7600000| Complete 
| 119|0x00000000e7700000, 0x00000000e7800000, 0x00000000e7800000|100%| O|  |TAMS 0x00000000e7800000, 0x00000000e7700000| Untracked 
| 120|0x00000000e7800000, 0x00000000e7900000, 0x00000000e7900000|100%| O|  |TAMS 0x00000000e7900000, 0x00000000e7800000| Untracked 
| 121|0x00000000e7900000, 0x00000000e7a00000, 0x00000000e7a00000|100%| O|  |TAMS 0x00000000e7a00000, 0x00000000e7900000| Untracked 
| 122|0x00000000e7a00000, 0x00000000e7b00000, 0x00000000e7b00000|100%| O|  |TAMS 0x00000000e7b00000, 0x00000000e7a00000| Untracked 
| 123|0x00000000e7b00000, 0x00000000e7c00000, 0x00000000e7c00000|100%| O|  |TAMS 0x00000000e7c00000, 0x00000000e7b00000| Untracked 
| 124|0x00000000e7c00000, 0x00000000e7d00000, 0x00000000e7d00000|100%| O|  |TAMS 0x00000000e7d00000, 0x00000000e7c00000| Untracked 
| 125|0x00000000e7d00000, 0x00000000e7e00000, 0x00000000e7e00000|100%| O|  |TAMS 0x00000000e7e00000, 0x00000000e7d00000| Untracked 
| 126|0x00000000e7e00000, 0x00000000e7f00000, 0x00000000e7f00000|100%| O|  |TAMS 0x00000000e7f00000, 0x00000000e7e00000| Untracked 
| 127|0x00000000e7f00000, 0x00000000e8000000, 0x00000000e8000000|100%| O|  |TAMS 0x00000000e8000000, 0x00000000e7f00000| Untracked 
| 128|0x00000000e8000000, 0x00000000e8100000, 0x00000000e8100000|100%| O|  |TAMS 0x00000000e8100000, 0x00000000e8000000| Complete 
| 129|0x00000000e8100000, 0x00000000e8200000, 0x00000000e8200000|100%| O|  |TAMS 0x00000000e8200000, 0x00000000e8100000| Complete 
| 130|0x00000000e8200000, 0x00000000e8300000, 0x00000000e8300000|100%| O|  |TAMS 0x00000000e8300000, 0x00000000e8200000| Untracked 
| 131|0x00000000e8300000, 0x00000000e8400000, 0x00000000e8400000|100%| O|  |TAMS 0x00000000e8400000, 0x00000000e8300000| Untracked 
| 132|0x00000000e8400000, 0x00000000e8500000, 0x00000000e8500000|100%| O|  |TAMS 0x00000000e8500000, 0x00000000e8400000| Untracked 
| 133|0x00000000e8500000, 0x00000000e8600000, 0x00000000e8600000|100%|HS|  |TAMS 0x00000000e8600000, 0x00000000e8500000| Complete 
| 134|0x00000000e8600000, 0x00000000e8700000, 0x00000000e8700000|100%| O|  |TAMS 0x00000000e8700000, 0x00000000e8600000| Untracked 
| 135|0x00000000e8700000, 0x00000000e8800000, 0x00000000e8800000|100%| O|  |TAMS 0x00000000e8800000, 0x00000000e8700000| Untracked 
| 136|0x00000000e8800000, 0x00000000e8900000, 0x00000000e8900000|100%| O|  |TAMS 0x00000000e8900000, 0x00000000e8800000| Untracked 
| 137|0x00000000e8900000, 0x00000000e8a00000, 0x00000000e8a00000|100%| O|  |TAMS 0x00000000e8a00000, 0x00000000e8900000| Untracked 
| 138|0x00000000e8a00000, 0x00000000e8b00000, 0x00000000e8b00000|100%| O|  |TAMS 0x00000000e8b00000, 0x00000000e8a00000| Untracked 
| 139|0x00000000e8b00000, 0x00000000e8c00000, 0x00000000e8c00000|100%| O|  |TAMS 0x00000000e8c00000, 0x00000000e8b00000| Untracked 
| 140|0x00000000e8c00000, 0x00000000e8d00000, 0x00000000e8d00000|100%| O|  |TAMS 0x00000000e8d00000, 0x00000000e8c00000| Untracked 
| 141|0x00000000e8d00000, 0x00000000e8e00000, 0x00000000e8e00000|100%| O|  |TAMS 0x00000000e8e00000, 0x00000000e8d00000| Untracked 
| 142|0x00000000e8e00000, 0x00000000e8f00000, 0x00000000e8f00000|100%| O|  |TAMS 0x00000000e8f00000, 0x00000000e8e00000| Untracked 
| 143|0x00000000e8f00000, 0x00000000e9000000, 0x00000000e9000000|100%| O|  |TAMS 0x00000000e9000000, 0x00000000e8f00000| Untracked 
| 144|0x00000000e9000000, 0x00000000e9100000, 0x00000000e9100000|100%| O|  |TAMS 0x00000000e9100000, 0x00000000e9000000| Untracked 
| 145|0x00000000e9100000, 0x00000000e9200000, 0x00000000e9200000|100%|HS|  |TAMS 0x00000000e9200000, 0x00000000e9100000| Complete 
| 146|0x00000000e9200000, 0x00000000e9300000, 0x00000000e9300000|100%|HC|  |TAMS 0x00000000e9300000, 0x00000000e9200000| Complete 
| 147|0x00000000e9300000, 0x00000000e9400000, 0x00000000e9400000|100%|HC|  |TAMS 0x00000000e9400000, 0x00000000e9300000| Complete 
| 148|0x00000000e9400000, 0x00000000e9500000, 0x00000000e9500000|100%|HC|  |TAMS 0x00000000e9500000, 0x00000000e9400000| Complete 
| 149|0x00000000e9500000, 0x00000000e9600000, 0x00000000e9600000|100%| O|  |TAMS 0x00000000e9600000, 0x00000000e9500000| Untracked 
| 150|0x00000000e9600000, 0x00000000e9700000, 0x00000000e9700000|100%|HS|  |TAMS 0x00000000e9700000, 0x00000000e9600000| Complete 
| 151|0x00000000e9700000, 0x00000000e9800000, 0x00000000e9800000|100%| O|  |TAMS 0x00000000e9800000, 0x00000000e9700000| Untracked 
| 152|0x00000000e9800000, 0x00000000e9900000, 0x00000000e9900000|100%|HS|  |TAMS 0x00000000e9900000, 0x00000000e9800000| Complete 
| 153|0x00000000e9900000, 0x00000000e9a00000, 0x00000000e9a00000|100%| O|  |TAMS 0x00000000e9a00000, 0x00000000e9900000| Untracked 
| 154|0x00000000e9a00000, 0x00000000e9b00000, 0x00000000e9b00000|100%| O|  |TAMS 0x00000000e9b00000, 0x00000000e9a00000| Untracked 
| 155|0x00000000e9b00000, 0x00000000e9c00000, 0x00000000e9c00000|100%| O|  |TAMS 0x00000000e9c00000, 0x00000000e9b00000| Untracked 
| 156|0x00000000e9c00000, 0x00000000e9d00000, 0x00000000e9d00000|100%| O|  |TAMS 0x00000000e9c3b200, 0x00000000e9c00000| Untracked 
| 157|0x00000000e9d00000, 0x00000000e9e00000, 0x00000000e9e00000|100%| O|  |TAMS 0x00000000e9d00000, 0x00000000e9d00000| Untracked 
| 158|0x00000000e9e00000, 0x00000000e9f00000, 0x00000000e9f00000|100%| O|  |TAMS 0x00000000e9e00000, 0x00000000e9e00000| Untracked 
| 159|0x00000000e9f00000, 0x00000000ea000000, 0x00000000ea000000|100%|HS|  |TAMS 0x00000000ea000000, 0x00000000e9f00000| Complete 
| 160|0x00000000ea000000, 0x00000000ea100000, 0x00000000ea100000|100%|HC|  |TAMS 0x00000000ea100000, 0x00000000ea000000| Complete 
| 161|0x00000000ea100000, 0x00000000ea200000, 0x00000000ea200000|100%|HC|  |TAMS 0x00000000ea200000, 0x00000000ea100000| Complete 
| 162|0x00000000ea200000, 0x00000000ea300000, 0x00000000ea300000|100%| O|  |TAMS 0x00000000ea200000, 0x00000000ea200000| Untracked 
| 163|0x00000000ea300000, 0x00000000ea400000, 0x00000000ea400000|100%| O|  |TAMS 0x00000000ea300000, 0x00000000ea300000| Untracked 
| 164|0x00000000ea400000, 0x00000000ea500000, 0x00000000ea500000|100%| O|  |TAMS 0x00000000ea400000, 0x00000000ea400000| Untracked 
| 165|0x00000000ea500000, 0x00000000ea600000, 0x00000000ea600000|100%|HS|  |TAMS 0x00000000ea600000, 0x00000000ea500000| Complete 
| 166|0x00000000ea600000, 0x00000000ea700000, 0x00000000ea700000|100%|HC|  |TAMS 0x00000000ea700000, 0x00000000ea600000| Complete 
| 167|0x00000000ea700000, 0x00000000ea800000, 0x00000000ea800000|100%| O|  |TAMS 0x00000000ea700000, 0x00000000ea700000| Untracked 
| 168|0x00000000ea800000, 0x00000000ea900000, 0x00000000ea900000|100%| O|  |TAMS 0x00000000ea800000, 0x00000000ea800000| Untracked 
| 169|0x00000000ea900000, 0x00000000eaa00000, 0x00000000eaa00000|100%| O|  |TAMS 0x00000000ea900000, 0x00000000ea900000| Untracked 
| 170|0x00000000eaa00000, 0x00000000eab00000, 0x00000000eab00000|100%|HS|  |TAMS 0x00000000eab00000, 0x00000000eaa00000| Complete 
| 171|0x00000000eab00000, 0x00000000eac00000, 0x00000000eac00000|100%|HC|  |TAMS 0x00000000eac00000, 0x00000000eab00000| Complete 
| 172|0x00000000eac00000, 0x00000000ead00000, 0x00000000ead00000|100%| O|  |TAMS 0x00000000eac00000, 0x00000000eac00000| Untracked 
| 173|0x00000000ead00000, 0x00000000eae00000, 0x00000000eae00000|100%| O|  |TAMS 0x00000000ead00000, 0x00000000ead00000| Untracked 
| 174|0x00000000eae00000, 0x00000000eaf00000, 0x00000000eaf00000|100%| O|  |TAMS 0x00000000eae00000, 0x00000000eae00000| Untracked 
| 175|0x00000000eaf00000, 0x00000000eb000000, 0x00000000eb000000|100%|HS|  |TAMS 0x00000000eb000000, 0x00000000eaf00000| Complete 
| 176|0x00000000eb000000, 0x00000000eb100000, 0x00000000eb100000|100%|HC|  |TAMS 0x00000000eb100000, 0x00000000eb000000| Complete 
| 177|0x00000000eb100000, 0x00000000eb200000, 0x00000000eb200000|100%| O|  |TAMS 0x00000000eb100000, 0x00000000eb100000| Untracked 
| 178|0x00000000eb200000, 0x00000000eb300000, 0x00000000eb300000|100%|HS|  |TAMS 0x00000000eb300000, 0x00000000eb200000| Complete 
| 179|0x00000000eb300000, 0x00000000eb400000, 0x00000000eb400000|100%| O|  |TAMS 0x00000000eb300000, 0x00000000eb300000| Untracked 
| 180|0x00000000eb400000, 0x00000000eb500000, 0x00000000eb500000|100%| O|  |TAMS 0x00000000eb400000, 0x00000000eb400000| Untracked 
| 181|0x00000000eb500000, 0x00000000eb600000, 0x00000000eb600000|100%| O|  |TAMS 0x00000000eb500000, 0x00000000eb500000| Untracked 
| 182|0x00000000eb600000, 0x00000000eb700000, 0x00000000eb700000|100%|HS|  |TAMS 0x00000000eb700000, 0x00000000eb600000| Complete 
| 183|0x00000000eb700000, 0x00000000eb800000, 0x00000000eb800000|100%|HC|  |TAMS 0x00000000eb800000, 0x00000000eb700000| Complete 
| 184|0x00000000eb800000, 0x00000000eb900000, 0x00000000eb900000|100%| O|  |TAMS 0x00000000eb800000, 0x00000000eb800000| Untracked 
| 185|0x00000000eb900000, 0x00000000eba00000, 0x00000000eba00000|100%| O|  |TAMS 0x00000000eb900000, 0x00000000eb900000| Untracked 
| 186|0x00000000eba00000, 0x00000000ebb00000, 0x00000000ebb00000|100%| O|  |TAMS 0x00000000eba00000, 0x00000000eba00000| Untracked 
| 187|0x00000000ebb00000, 0x00000000ebc00000, 0x00000000ebc00000|100%| O|  |TAMS 0x00000000ebb00000, 0x00000000ebb00000| Untracked 
| 188|0x00000000ebc00000, 0x00000000ebd00000, 0x00000000ebd00000|100%| O|  |TAMS 0x00000000ebc00000, 0x00000000ebc00000| Untracked 
| 189|0x00000000ebd00000, 0x00000000ebe00000, 0x00000000ebe00000|100%| O|  |TAMS 0x00000000ebd00000, 0x00000000ebd00000| Untracked 
| 190|0x00000000ebe00000, 0x00000000ebf00000, 0x00000000ebf00000|100%|HS|  |TAMS 0x00000000ebf00000, 0x00000000ebe00000| Complete 
| 191|0x00000000ebf00000, 0x00000000ec000000, 0x00000000ec000000|100%|HC|  |TAMS 0x00000000ec000000, 0x00000000ebf00000| Complete 
| 192|0x00000000ec000000, 0x00000000ec100000, 0x00000000ec100000|100%|HC|  |TAMS 0x00000000ec100000, 0x00000000ec000000| Complete 
| 193|0x00000000ec100000, 0x00000000ec200000, 0x00000000ec200000|100%| O|  |TAMS 0x00000000ec100000, 0x00000000ec100000| Untracked 
| 194|0x00000000ec200000, 0x00000000ec300000, 0x00000000ec300000|100%|HS|  |TAMS 0x00000000ec300000, 0x00000000ec200000| Complete 
| 195|0x00000000ec300000, 0x00000000ec400000, 0x00000000ec400000|100%| O|  |TAMS 0x00000000ec400000, 0x00000000ec300000| Untracked 
| 196|0x00000000ec400000, 0x00000000ec500000, 0x00000000ec500000|100%| O|  |TAMS 0x00000000ec500000, 0x00000000ec400000| Untracked 
| 197|0x00000000ec500000, 0x00000000ec600000, 0x00000000ec600000|100%| O|  |TAMS 0x00000000ec600000, 0x00000000ec500000| Untracked 
| 198|0x00000000ec600000, 0x00000000ec700000, 0x00000000ec700000|100%| O|  |TAMS 0x00000000ec700000, 0x00000000ec600000| Untracked 
| 199|0x00000000ec700000, 0x00000000ec800000, 0x00000000ec800000|100%| O|  |TAMS 0x00000000ec800000, 0x00000000ec700000| Untracked 
| 200|0x00000000ec800000, 0x00000000ec900000, 0x00000000ec900000|100%| O|  |TAMS 0x00000000ec900000, 0x00000000ec800000| Untracked 
| 201|0x00000000ec900000, 0x00000000eca00000, 0x00000000eca00000|100%| O|  |TAMS 0x00000000eca00000, 0x00000000ec900000| Untracked 
| 202|0x00000000eca00000, 0x00000000ecb00000, 0x00000000ecb00000|100%| O|  |TAMS 0x00000000ecb00000, 0x00000000eca00000| Untracked 
| 203|0x00000000ecb00000, 0x00000000ecc00000, 0x00000000ecc00000|100%| O|  |TAMS 0x00000000ecc00000, 0x00000000ecb00000| Untracked 
| 204|0x00000000ecc00000, 0x00000000ecd00000, 0x00000000ecd00000|100%| O|  |TAMS 0x00000000ecd00000, 0x00000000ecc00000| Untracked 
| 205|0x00000000ecd00000, 0x00000000ece00000, 0x00000000ece00000|100%| O|  |TAMS 0x00000000ece00000, 0x00000000ecd00000| Untracked 
| 206|0x00000000ece00000, 0x00000000ecf00000, 0x00000000ecf00000|100%| O|  |TAMS 0x00000000ecf00000, 0x00000000ece00000| Untracked 
| 207|0x00000000ecf00000, 0x00000000ed000000, 0x00000000ed000000|100%| O|  |TAMS 0x00000000ed000000, 0x00000000ecf00000| Untracked 
| 208|0x00000000ed000000, 0x00000000ed100000, 0x00000000ed100000|100%| O|  |TAMS 0x00000000ed100000, 0x00000000ed000000| Untracked 
| 209|0x00000000ed100000, 0x00000000ed200000, 0x00000000ed200000|100%| O|  |TAMS 0x00000000ed200000, 0x00000000ed100000| Untracked 
| 210|0x00000000ed200000, 0x00000000ed300000, 0x00000000ed300000|100%| O|  |TAMS 0x00000000ed300000, 0x00000000ed200000| Untracked 
| 211|0x00000000ed300000, 0x00000000ed400000, 0x00000000ed400000|100%| O|  |TAMS 0x00000000ed400000, 0x00000000ed300000| Untracked 
| 212|0x00000000ed400000, 0x00000000ed500000, 0x00000000ed500000|100%| O|  |TAMS 0x00000000ed500000, 0x00000000ed400000| Untracked 
| 213|0x00000000ed500000, 0x00000000ed600000, 0x00000000ed600000|100%| O|  |TAMS 0x00000000ed600000, 0x00000000ed500000| Untracked 
| 214|0x00000000ed600000, 0x00000000ed700000, 0x00000000ed700000|100%| O|  |TAMS 0x00000000ed700000, 0x00000000ed600000| Untracked 
| 215|0x00000000ed700000, 0x00000000ed800000, 0x00000000ed800000|100%| O|  |TAMS 0x00000000ed700000, 0x00000000ed700000| Untracked 
| 216|0x00000000ed800000, 0x00000000ed900000, 0x00000000ed900000|100%| O|  |TAMS 0x00000000ed800000, 0x00000000ed800000| Untracked 
| 217|0x00000000ed900000, 0x00000000eda00000, 0x00000000eda00000|100%| O|  |TAMS 0x00000000ed900000, 0x00000000ed900000| Untracked 
| 218|0x00000000eda00000, 0x00000000edb00000, 0x00000000edb00000|100%| O|  |TAMS 0x00000000eda00000, 0x00000000eda00000| Untracked 
| 219|0x00000000edb00000, 0x00000000edc00000, 0x00000000edc00000|100%| O|  |TAMS 0x00000000edb00000, 0x00000000edb00000| Untracked 
| 220|0x00000000edc00000, 0x00000000edd00000, 0x00000000edd00000|100%| O|  |TAMS 0x00000000edc00000, 0x00000000edc00000| Untracked 
| 221|0x00000000edd00000, 0x00000000ede00000, 0x00000000ede00000|100%| O|  |TAMS 0x00000000edd00000, 0x00000000edd00000| Untracked 
| 222|0x00000000ede00000, 0x00000000edf00000, 0x00000000edf00000|100%| O|  |TAMS 0x00000000ede00000, 0x00000000ede00000| Untracked 
| 223|0x00000000edf00000, 0x00000000ee000000, 0x00000000ee000000|100%| O|  |TAMS 0x00000000edf00000, 0x00000000edf00000| Untracked 
| 224|0x00000000ee000000, 0x00000000ee100000, 0x00000000ee100000|100%| O|  |TAMS 0x00000000ee000000, 0x00000000ee000000| Untracked 
| 225|0x00000000ee100000, 0x00000000ee200000, 0x00000000ee200000|100%| O|  |TAMS 0x00000000ee100000, 0x00000000ee100000| Untracked 
| 226|0x00000000ee200000, 0x00000000ee300000, 0x00000000ee300000|100%| O|  |TAMS 0x00000000ee200000, 0x00000000ee200000| Untracked 
| 227|0x00000000ee300000, 0x00000000ee400000, 0x00000000ee400000|100%| O|  |TAMS 0x00000000ee300000, 0x00000000ee300000| Untracked 
| 228|0x00000000ee400000, 0x00000000ee500000, 0x00000000ee500000|100%| O|  |TAMS 0x00000000ee400000, 0x00000000ee400000| Untracked 
| 229|0x00000000ee500000, 0x00000000ee600000, 0x00000000ee600000|100%| O|  |TAMS 0x00000000ee500000, 0x00000000ee500000| Untracked 
| 230|0x00000000ee600000, 0x00000000ee700000, 0x00000000ee700000|100%| O|  |TAMS 0x00000000ee600000, 0x00000000ee600000| Untracked 
| 231|0x00000000ee700000, 0x00000000ee800000, 0x00000000ee800000|100%| O|  |TAMS 0x00000000ee700000, 0x00000000ee700000| Untracked 
| 232|0x00000000ee800000, 0x00000000ee900000, 0x00000000ee900000|100%| O|  |TAMS 0x00000000ee800000, 0x00000000ee800000| Untracked 
| 233|0x00000000ee900000, 0x00000000eea00000, 0x00000000eea00000|100%| O|  |TAMS 0x00000000ee900000, 0x00000000ee900000| Untracked 
| 234|0x00000000eea00000, 0x00000000eeb00000, 0x00000000eeb00000|100%| O|  |TAMS 0x00000000eea00000, 0x00000000eea00000| Untracked 
| 235|0x00000000eeb00000, 0x00000000eec00000, 0x00000000eec00000|100%| O|  |TAMS 0x00000000eeb00000, 0x00000000eeb00000| Untracked 
| 236|0x00000000eec00000, 0x00000000eed00000, 0x00000000eed00000|100%| O|  |TAMS 0x00000000eec00000, 0x00000000eec00000| Untracked 
| 237|0x00000000eed00000, 0x00000000eee00000, 0x00000000eee00000|100%| O|  |TAMS 0x00000000eed00000, 0x00000000eed00000| Untracked 
| 238|0x00000000eee00000, 0x00000000eef00000, 0x00000000eef00000|100%| O|  |TAMS 0x00000000eee00000, 0x00000000eee00000| Untracked 
| 239|0x00000000eef00000, 0x00000000ef000000, 0x00000000ef000000|100%| O|  |TAMS 0x00000000eef00000, 0x00000000eef00000| Untracked 
| 240|0x00000000ef000000, 0x00000000ef100000, 0x00000000ef100000|100%| O|  |TAMS 0x00000000ef000000, 0x00000000ef000000| Untracked 
| 241|0x00000000ef100000, 0x00000000ef200000, 0x00000000ef200000|100%| O|  |TAMS 0x00000000ef100000, 0x00000000ef100000| Untracked 
| 242|0x00000000ef200000, 0x00000000ef300000, 0x00000000ef300000|100%| O|  |TAMS 0x00000000ef200000, 0x00000000ef200000| Untracked 
| 243|0x00000000ef300000, 0x00000000ef400000, 0x00000000ef400000|100%| O|  |TAMS 0x00000000ef300000, 0x00000000ef300000| Untracked 
| 244|0x00000000ef400000, 0x00000000ef500000, 0x00000000ef500000|100%| O|  |TAMS 0x00000000ef400000, 0x00000000ef400000| Untracked 
| 245|0x00000000ef500000, 0x00000000ef600000, 0x00000000ef600000|100%| O|  |TAMS 0x00000000ef500000, 0x00000000ef500000| Untracked 
| 246|0x00000000ef600000, 0x00000000ef6da400, 0x00000000ef700000| 85%| O|  |TAMS 0x00000000ef600000, 0x00000000ef600000| Untracked 
| 247|0x00000000ef700000, 0x00000000ef700000, 0x00000000ef800000|  0%| F|  |TAMS 0x00000000ef700000, 0x00000000ef700000| Untracked 
| 248|0x00000000ef800000, 0x00000000ef800000, 0x00000000ef900000|  0%| F|  |TAMS 0x00000000ef800000, 0x00000000ef800000| Untracked 
| 249|0x00000000ef900000, 0x00000000ef900000, 0x00000000efa00000|  0%| F|  |TAMS 0x00000000ef900000, 0x00000000ef900000| Untracked 
| 250|0x00000000efa00000, 0x00000000efa00000, 0x00000000efb00000|  0%| F|  |TAMS 0x00000000efa00000, 0x00000000efa00000| Untracked 
| 251|0x00000000efb00000, 0x00000000efb00000, 0x00000000efc00000|  0%| F|  |TAMS 0x00000000efb00000, 0x00000000efb00000| Untracked 
| 252|0x00000000efc00000, 0x00000000efc00000, 0x00000000efd00000|  0%| F|  |TAMS 0x00000000efc00000, 0x00000000efc00000| Untracked 
| 253|0x00000000efd00000, 0x00000000efd00000, 0x00000000efe00000|  0%| F|  |TAMS 0x00000000efd00000, 0x00000000efd00000| Untracked 
| 254|0x00000000efe00000, 0x00000000efe00000, 0x00000000eff00000|  0%| F|  |TAMS 0x00000000efe00000, 0x00000000efe00000| Untracked 
| 255|0x00000000eff00000, 0x00000000eff00000, 0x00000000f0000000|  0%| F|  |TAMS 0x00000000eff00000, 0x00000000eff00000| Untracked 
| 256|0x00000000f0000000, 0x00000000f0000000, 0x00000000f0100000|  0%| F|  |TAMS 0x00000000f0000000, 0x00000000f0000000| Untracked 
| 257|0x00000000f0100000, 0x00000000f0100000, 0x00000000f0200000|  0%| F|  |TAMS 0x00000000f0100000, 0x00000000f0100000| Untracked 
| 258|0x00000000f0200000, 0x00000000f0200000, 0x00000000f0300000|  0%| F|  |TAMS 0x00000000f0200000, 0x00000000f0200000| Untracked 
| 259|0x00000000f0300000, 0x00000000f0300000, 0x00000000f0400000|  0%| F|  |TAMS 0x00000000f0300000, 0x00000000f0300000| Untracked 
| 260|0x00000000f0400000, 0x00000000f0400000, 0x00000000f0500000|  0%| F|  |TAMS 0x00000000f0400000, 0x00000000f0400000| Untracked 
| 261|0x00000000f0500000, 0x00000000f0500000, 0x00000000f0600000|  0%| F|  |TAMS 0x00000000f0500000, 0x00000000f0500000| Untracked 
| 262|0x00000000f0600000, 0x00000000f0600000, 0x00000000f0700000|  0%| F|  |TAMS 0x00000000f0600000, 0x00000000f0600000| Untracked 
| 263|0x00000000f0700000, 0x00000000f0700000, 0x00000000f0800000|  0%| F|  |TAMS 0x00000000f0700000, 0x00000000f0700000| Untracked 
| 264|0x00000000f0800000, 0x00000000f0800000, 0x00000000f0900000|  0%| F|  |TAMS 0x00000000f0800000, 0x00000000f0800000| Untracked 
| 265|0x00000000f0900000, 0x00000000f0900000, 0x00000000f0a00000|  0%| F|  |TAMS 0x00000000f0900000, 0x00000000f0900000| Untracked 
| 266|0x00000000f0a00000, 0x00000000f0a00000, 0x00000000f0b00000|  0%| F|  |TAMS 0x00000000f0a00000, 0x00000000f0a00000| Untracked 
| 267|0x00000000f0b00000, 0x00000000f0b00000, 0x00000000f0c00000|  0%| F|  |TAMS 0x00000000f0b00000, 0x00000000f0b00000| Untracked 
| 268|0x00000000f0c00000, 0x00000000f0c00000, 0x00000000f0d00000|  0%| F|  |TAMS 0x00000000f0c00000, 0x00000000f0c00000| Untracked 
| 269|0x00000000f0d00000, 0x00000000f0d00000, 0x00000000f0e00000|  0%| F|  |TAMS 0x00000000f0d00000, 0x00000000f0d00000| Untracked 
| 270|0x00000000f0e00000, 0x00000000f0e00000, 0x00000000f0f00000|  0%| F|  |TAMS 0x00000000f0e00000, 0x00000000f0e00000| Untracked 
| 271|0x00000000f0f00000, 0x00000000f0f00000, 0x00000000f1000000|  0%| F|  |TAMS 0x00000000f0f00000, 0x00000000f0f00000| Untracked 
| 272|0x00000000f1000000, 0x00000000f1000000, 0x00000000f1100000|  0%| F|  |TAMS 0x00000000f1000000, 0x00000000f1000000| Untracked 
| 273|0x00000000f1100000, 0x00000000f1100000, 0x00000000f1200000|  0%| F|  |TAMS 0x00000000f1100000, 0x00000000f1100000| Untracked 
| 274|0x00000000f1200000, 0x00000000f1200000, 0x00000000f1300000|  0%| F|  |TAMS 0x00000000f1200000, 0x00000000f1200000| Untracked 
| 275|0x00000000f1300000, 0x00000000f1300000, 0x00000000f1400000|  0%| F|  |TAMS 0x00000000f1300000, 0x00000000f1300000| Untracked 
| 276|0x00000000f1400000, 0x00000000f1400000, 0x00000000f1500000|  0%| F|  |TAMS 0x00000000f1400000, 0x00000000f1400000| Untracked 
| 277|0x00000000f1500000, 0x00000000f1500000, 0x00000000f1600000|  0%| F|  |TAMS 0x00000000f1500000, 0x00000000f1500000| Untracked 
| 278|0x00000000f1600000, 0x00000000f1600000, 0x00000000f1700000|  0%| F|  |TAMS 0x00000000f1600000, 0x00000000f1600000| Untracked 
| 279|0x00000000f1700000, 0x00000000f1700000, 0x00000000f1800000|  0%| F|  |TAMS 0x00000000f1700000, 0x00000000f1700000| Untracked 
| 280|0x00000000f1800000, 0x00000000f1800000, 0x00000000f1900000|  0%| F|  |TAMS 0x00000000f1800000, 0x00000000f1800000| Untracked 
| 281|0x00000000f1900000, 0x00000000f1900000, 0x00000000f1a00000|  0%| F|  |TAMS 0x00000000f1900000, 0x00000000f1900000| Untracked 
| 282|0x00000000f1a00000, 0x00000000f1a00000, 0x00000000f1b00000|  0%| F|  |TAMS 0x00000000f1a00000, 0x00000000f1a00000| Untracked 
| 283|0x00000000f1b00000, 0x00000000f1b00000, 0x00000000f1c00000|  0%| F|  |TAMS 0x00000000f1b00000, 0x00000000f1b00000| Untracked 
| 284|0x00000000f1c00000, 0x00000000f1c00000, 0x00000000f1d00000|  0%| F|  |TAMS 0x00000000f1c00000, 0x00000000f1c00000| Untracked 
| 285|0x00000000f1d00000, 0x00000000f1d00000, 0x00000000f1e00000|  0%| F|  |TAMS 0x00000000f1d00000, 0x00000000f1d00000| Untracked 
| 286|0x00000000f1e00000, 0x00000000f1e00000, 0x00000000f1f00000|  0%| F|  |TAMS 0x00000000f1e00000, 0x00000000f1e00000| Untracked 
| 287|0x00000000f1f00000, 0x00000000f1f00000, 0x00000000f2000000|  0%| F|  |TAMS 0x00000000f1f00000, 0x00000000f1f00000| Untracked 
| 288|0x00000000f2000000, 0x00000000f2000000, 0x00000000f2100000|  0%| F|  |TAMS 0x00000000f2000000, 0x00000000f2000000| Untracked 
| 289|0x00000000f2100000, 0x00000000f2100000, 0x00000000f2200000|  0%| F|  |TAMS 0x00000000f2100000, 0x00000000f2100000| Untracked 
| 290|0x00000000f2200000, 0x00000000f2200000, 0x00000000f2300000|  0%| F|  |TAMS 0x00000000f2200000, 0x00000000f2200000| Untracked 
| 291|0x00000000f2300000, 0x00000000f2300000, 0x00000000f2400000|  0%| F|  |TAMS 0x00000000f2300000, 0x00000000f2300000| Untracked 
| 292|0x00000000f2400000, 0x00000000f2400000, 0x00000000f2500000|  0%| F|  |TAMS 0x00000000f2400000, 0x00000000f2400000| Untracked 
| 293|0x00000000f2500000, 0x00000000f2500000, 0x00000000f2600000|  0%| F|  |TAMS 0x00000000f2500000, 0x00000000f2500000| Untracked 
| 294|0x00000000f2600000, 0x00000000f2600000, 0x00000000f2700000|  0%| F|  |TAMS 0x00000000f2600000, 0x00000000f2600000| Untracked 
| 295|0x00000000f2700000, 0x00000000f2700000, 0x00000000f2800000|  0%| F|  |TAMS 0x00000000f2700000, 0x00000000f2700000| Untracked 
| 296|0x00000000f2800000, 0x00000000f2800000, 0x00000000f2900000|  0%| F|  |TAMS 0x00000000f2800000, 0x00000000f2800000| Untracked 
| 297|0x00000000f2900000, 0x00000000f2900000, 0x00000000f2a00000|  0%| F|  |TAMS 0x00000000f2900000, 0x00000000f2900000| Untracked 
| 298|0x00000000f2a00000, 0x00000000f2a00000, 0x00000000f2b00000|  0%| F|  |TAMS 0x00000000f2a00000, 0x00000000f2a00000| Untracked 
| 299|0x00000000f2b00000, 0x00000000f2b00000, 0x00000000f2c00000|  0%| F|  |TAMS 0x00000000f2b00000, 0x00000000f2b00000| Untracked 
| 300|0x00000000f2c00000, 0x00000000f2c00000, 0x00000000f2d00000|  0%| F|  |TAMS 0x00000000f2c00000, 0x00000000f2c00000| Untracked 
| 301|0x00000000f2d00000, 0x00000000f2d00000, 0x00000000f2e00000|  0%| F|  |TAMS 0x00000000f2d00000, 0x00000000f2d00000| Untracked 
| 302|0x00000000f2e00000, 0x00000000f2e00000, 0x00000000f2f00000|  0%| F|  |TAMS 0x00000000f2e00000, 0x00000000f2e00000| Untracked 
| 303|0x00000000f2f00000, 0x00000000f2f00000, 0x00000000f3000000|  0%| F|  |TAMS 0x00000000f2f00000, 0x00000000f2f00000| Untracked 
| 304|0x00000000f3000000, 0x00000000f3000000, 0x00000000f3100000|  0%| F|  |TAMS 0x00000000f3000000, 0x00000000f3000000| Untracked 
| 305|0x00000000f3100000, 0x00000000f3100000, 0x00000000f3200000|  0%| F|  |TAMS 0x00000000f3100000, 0x00000000f3100000| Untracked 
| 306|0x00000000f3200000, 0x00000000f3200000, 0x00000000f3300000|  0%| F|  |TAMS 0x00000000f3200000, 0x00000000f3200000| Untracked 
| 307|0x00000000f3300000, 0x00000000f3300000, 0x00000000f3400000|  0%| F|  |TAMS 0x00000000f3300000, 0x00000000f3300000| Untracked 
| 308|0x00000000f3400000, 0x00000000f3400000, 0x00000000f3500000|  0%| F|  |TAMS 0x00000000f3400000, 0x00000000f3400000| Untracked 
| 309|0x00000000f3500000, 0x00000000f3500000, 0x00000000f3600000|  0%| F|  |TAMS 0x00000000f3500000, 0x00000000f3500000| Untracked 
| 310|0x00000000f3600000, 0x00000000f3600000, 0x00000000f3700000|  0%| F|  |TAMS 0x00000000f3600000, 0x00000000f3600000| Untracked 
| 311|0x00000000f3700000, 0x00000000f3700000, 0x00000000f3800000|  0%| F|  |TAMS 0x00000000f3700000, 0x00000000f3700000| Untracked 
| 312|0x00000000f3800000, 0x00000000f3800000, 0x00000000f3900000|  0%| F|  |TAMS 0x00000000f3800000, 0x00000000f3800000| Untracked 
| 313|0x00000000f3900000, 0x00000000f3900000, 0x00000000f3a00000|  0%| F|  |TAMS 0x00000000f3900000, 0x00000000f3900000| Untracked 
| 314|0x00000000f3a00000, 0x00000000f3a00000, 0x00000000f3b00000|  0%| F|  |TAMS 0x00000000f3a00000, 0x00000000f3a00000| Untracked 
| 315|0x00000000f3b00000, 0x00000000f3b00000, 0x00000000f3c00000|  0%| F|  |TAMS 0x00000000f3b00000, 0x00000000f3b00000| Untracked 
| 316|0x00000000f3c00000, 0x00000000f3c00000, 0x00000000f3d00000|  0%| F|  |TAMS 0x00000000f3c00000, 0x00000000f3c00000| Untracked 
| 317|0x00000000f3d00000, 0x00000000f3d00000, 0x00000000f3e00000|  0%| F|  |TAMS 0x00000000f3d00000, 0x00000000f3d00000| Untracked 
| 318|0x00000000f3e00000, 0x00000000f3e00000, 0x00000000f3f00000|  0%| F|  |TAMS 0x00000000f3e00000, 0x00000000f3e00000| Untracked 
| 319|0x00000000f3f00000, 0x00000000f3f00000, 0x00000000f4000000|  0%| F|  |TAMS 0x00000000f3f00000, 0x00000000f3f00000| Untracked 
| 320|0x00000000f4000000, 0x00000000f4000000, 0x00000000f4100000|  0%| F|  |TAMS 0x00000000f4000000, 0x00000000f4000000| Untracked 
| 321|0x00000000f4100000, 0x00000000f4100000, 0x00000000f4200000|  0%| F|  |TAMS 0x00000000f4100000, 0x00000000f4100000| Untracked 
| 322|0x00000000f4200000, 0x00000000f4200000, 0x00000000f4300000|  0%| F|  |TAMS 0x00000000f4200000, 0x00000000f4200000| Untracked 
| 323|0x00000000f4300000, 0x00000000f4300000, 0x00000000f4400000|  0%| F|  |TAMS 0x00000000f4300000, 0x00000000f4300000| Untracked 
| 324|0x00000000f4400000, 0x00000000f4400000, 0x00000000f4500000|  0%| F|  |TAMS 0x00000000f4400000, 0x00000000f4400000| Untracked 
| 325|0x00000000f4500000, 0x00000000f4500000, 0x00000000f4600000|  0%| F|  |TAMS 0x00000000f4500000, 0x00000000f4500000| Untracked 
| 326|0x00000000f4600000, 0x00000000f4600000, 0x00000000f4700000|  0%| F|  |TAMS 0x00000000f4600000, 0x00000000f4600000| Untracked 
| 327|0x00000000f4700000, 0x00000000f4700000, 0x00000000f4800000|  0%| F|  |TAMS 0x00000000f4700000, 0x00000000f4700000| Untracked 
| 328|0x00000000f4800000, 0x00000000f4800000, 0x00000000f4900000|  0%| F|  |TAMS 0x00000000f4800000, 0x00000000f4800000| Untracked 
| 329|0x00000000f4900000, 0x00000000f4900000, 0x00000000f4a00000|  0%| F|  |TAMS 0x00000000f4900000, 0x00000000f4900000| Untracked 
| 330|0x00000000f4a00000, 0x00000000f4a00000, 0x00000000f4b00000|  0%| F|  |TAMS 0x00000000f4a00000, 0x00000000f4a00000| Untracked 
| 331|0x00000000f4b00000, 0x00000000f4b00000, 0x00000000f4c00000|  0%| F|  |TAMS 0x00000000f4b00000, 0x00000000f4b00000| Untracked 
| 332|0x00000000f4c00000, 0x00000000f4c00000, 0x00000000f4d00000|  0%| F|  |TAMS 0x00000000f4c00000, 0x00000000f4c00000| Untracked 
| 333|0x00000000f4d00000, 0x00000000f4d00000, 0x00000000f4e00000|  0%| F|  |TAMS 0x00000000f4d00000, 0x00000000f4d00000| Untracked 
| 334|0x00000000f4e00000, 0x00000000f4e00000, 0x00000000f4f00000|  0%| F|  |TAMS 0x00000000f4e00000, 0x00000000f4e00000| Untracked 
| 335|0x00000000f4f00000, 0x00000000f4f00000, 0x00000000f5000000|  0%| F|  |TAMS 0x00000000f4f00000, 0x00000000f4f00000| Untracked 
| 336|0x00000000f5000000, 0x00000000f5000000, 0x00000000f5100000|  0%| F|  |TAMS 0x00000000f5000000, 0x00000000f5000000| Untracked 
| 337|0x00000000f5100000, 0x00000000f5100000, 0x00000000f5200000|  0%| F|  |TAMS 0x00000000f5100000, 0x00000000f5100000| Untracked 
| 338|0x00000000f5200000, 0x00000000f5200000, 0x00000000f5300000|  0%| F|  |TAMS 0x00000000f5200000, 0x00000000f5200000| Untracked 
| 339|0x00000000f5300000, 0x00000000f5300000, 0x00000000f5400000|  0%| F|  |TAMS 0x00000000f5300000, 0x00000000f5300000| Untracked 
| 340|0x00000000f5400000, 0x00000000f5400000, 0x00000000f5500000|  0%| F|  |TAMS 0x00000000f5400000, 0x00000000f5400000| Untracked 
| 341|0x00000000f5500000, 0x00000000f5500000, 0x00000000f5600000|  0%| F|  |TAMS 0x00000000f5500000, 0x00000000f5500000| Untracked 
| 342|0x00000000f5600000, 0x00000000f5600000, 0x00000000f5700000|  0%| F|  |TAMS 0x00000000f5600000, 0x00000000f5600000| Untracked 
| 343|0x00000000f5700000, 0x00000000f5700000, 0x00000000f5800000|  0%| F|  |TAMS 0x00000000f5700000, 0x00000000f5700000| Untracked 
| 344|0x00000000f5800000, 0x00000000f5800000, 0x00000000f5900000|  0%| F|  |TAMS 0x00000000f5800000, 0x00000000f5800000| Untracked 
| 345|0x00000000f5900000, 0x00000000f5900000, 0x00000000f5a00000|  0%| F|  |TAMS 0x00000000f5900000, 0x00000000f5900000| Untracked 
| 346|0x00000000f5a00000, 0x00000000f5a00000, 0x00000000f5b00000|  0%| F|  |TAMS 0x00000000f5a00000, 0x00000000f5a00000| Untracked 
| 347|0x00000000f5b00000, 0x00000000f5b00000, 0x00000000f5c00000|  0%| F|  |TAMS 0x00000000f5b00000, 0x00000000f5b00000| Untracked 
| 348|0x00000000f5c00000, 0x00000000f5c00000, 0x00000000f5d00000|  0%| F|  |TAMS 0x00000000f5c00000, 0x00000000f5c00000| Untracked 
| 349|0x00000000f5d00000, 0x00000000f5d00000, 0x00000000f5e00000|  0%| F|  |TAMS 0x00000000f5d00000, 0x00000000f5d00000| Untracked 
| 350|0x00000000f5e00000, 0x00000000f5e00000, 0x00000000f5f00000|  0%| F|  |TAMS 0x00000000f5e00000, 0x00000000f5e00000| Untracked 
| 351|0x00000000f5f00000, 0x00000000f5f00000, 0x00000000f6000000|  0%| F|  |TAMS 0x00000000f5f00000, 0x00000000f5f00000| Untracked 
| 352|0x00000000f6000000, 0x00000000f6000000, 0x00000000f6100000|  0%| F|  |TAMS 0x00000000f6000000, 0x00000000f6000000| Untracked 
| 353|0x00000000f6100000, 0x00000000f6100000, 0x00000000f6200000|  0%| F|  |TAMS 0x00000000f6100000, 0x00000000f6100000| Untracked 
| 354|0x00000000f6200000, 0x00000000f6200000, 0x00000000f6300000|  0%| F|  |TAMS 0x00000000f6200000, 0x00000000f6200000| Untracked 
| 355|0x00000000f6300000, 0x00000000f6300000, 0x00000000f6400000|  0%| F|  |TAMS 0x00000000f6300000, 0x00000000f6300000| Untracked 
| 356|0x00000000f6400000, 0x00000000f6400000, 0x00000000f6500000|  0%| F|  |TAMS 0x00000000f6400000, 0x00000000f6400000| Untracked 
| 357|0x00000000f6500000, 0x00000000f6500000, 0x00000000f6600000|  0%| F|  |TAMS 0x00000000f6500000, 0x00000000f6500000| Untracked 
| 358|0x00000000f6600000, 0x00000000f6600000, 0x00000000f6700000|  0%| F|  |TAMS 0x00000000f6600000, 0x00000000f6600000| Untracked 
| 359|0x00000000f6700000, 0x00000000f6700000, 0x00000000f6800000|  0%| F|  |TAMS 0x00000000f6700000, 0x00000000f6700000| Untracked 
| 360|0x00000000f6800000, 0x00000000f6800000, 0x00000000f6900000|  0%| F|  |TAMS 0x00000000f6800000, 0x00000000f6800000| Untracked 
| 361|0x00000000f6900000, 0x00000000f6900000, 0x00000000f6a00000|  0%| F|  |TAMS 0x00000000f6900000, 0x00000000f6900000| Untracked 
| 362|0x00000000f6a00000, 0x00000000f6a00000, 0x00000000f6b00000|  0%| F|  |TAMS 0x00000000f6a00000, 0x00000000f6a00000| Untracked 
| 363|0x00000000f6b00000, 0x00000000f6b00000, 0x00000000f6c00000|  0%| F|  |TAMS 0x00000000f6b00000, 0x00000000f6b00000| Untracked 
| 364|0x00000000f6c00000, 0x00000000f6c00000, 0x00000000f6d00000|  0%| F|  |TAMS 0x00000000f6c00000, 0x00000000f6c00000| Untracked 
| 365|0x00000000f6d00000, 0x00000000f6d00000, 0x00000000f6e00000|  0%| F|  |TAMS 0x00000000f6d00000, 0x00000000f6d00000| Untracked 
| 366|0x00000000f6e00000, 0x00000000f6e00000, 0x00000000f6f00000|  0%| F|  |TAMS 0x00000000f6e00000, 0x00000000f6e00000| Untracked 
| 367|0x00000000f6f00000, 0x00000000f6f00000, 0x00000000f7000000|  0%| F|  |TAMS 0x00000000f6f00000, 0x00000000f6f00000| Untracked 
| 368|0x00000000f7000000, 0x00000000f7000000, 0x00000000f7100000|  0%| F|  |TAMS 0x00000000f7000000, 0x00000000f7000000| Untracked 
| 369|0x00000000f7100000, 0x00000000f7100000, 0x00000000f7200000|  0%| F|  |TAMS 0x00000000f7100000, 0x00000000f7100000| Untracked 
| 370|0x00000000f7200000, 0x00000000f7200000, 0x00000000f7300000|  0%| F|  |TAMS 0x00000000f7200000, 0x00000000f7200000| Untracked 
| 371|0x00000000f7300000, 0x00000000f7300000, 0x00000000f7400000|  0%| F|  |TAMS 0x00000000f7300000, 0x00000000f7300000| Untracked 
| 372|0x00000000f7400000, 0x00000000f7400000, 0x00000000f7500000|  0%| F|  |TAMS 0x00000000f7400000, 0x00000000f7400000| Untracked 
| 373|0x00000000f7500000, 0x00000000f7500000, 0x00000000f7600000|  0%| F|  |TAMS 0x00000000f7500000, 0x00000000f7500000| Untracked 
| 374|0x00000000f7600000, 0x00000000f7600000, 0x00000000f7700000|  0%| F|  |TAMS 0x00000000f7600000, 0x00000000f7600000| Untracked 
| 375|0x00000000f7700000, 0x00000000f7700000, 0x00000000f7800000|  0%| F|  |TAMS 0x00000000f7700000, 0x00000000f7700000| Untracked 
| 376|0x00000000f7800000, 0x00000000f7800000, 0x00000000f7900000|  0%| F|  |TAMS 0x00000000f7800000, 0x00000000f7800000| Untracked 
| 377|0x00000000f7900000, 0x00000000f7900000, 0x00000000f7a00000|  0%| F|  |TAMS 0x00000000f7900000, 0x00000000f7900000| Untracked 
| 378|0x00000000f7a00000, 0x00000000f7a00000, 0x00000000f7b00000|  0%| F|  |TAMS 0x00000000f7a00000, 0x00000000f7a00000| Untracked 
| 379|0x00000000f7b00000, 0x00000000f7b00000, 0x00000000f7c00000|  0%| F|  |TAMS 0x00000000f7b00000, 0x00000000f7b00000| Untracked 
| 380|0x00000000f7c00000, 0x00000000f7c00000, 0x00000000f7d00000|  0%| F|  |TAMS 0x00000000f7c00000, 0x00000000f7c00000| Untracked 
| 381|0x00000000f7d00000, 0x00000000f7d00000, 0x00000000f7e00000|  0%| F|  |TAMS 0x00000000f7d00000, 0x00000000f7d00000| Untracked 
| 382|0x00000000f7e00000, 0x00000000f7e00000, 0x00000000f7f00000|  0%| F|  |TAMS 0x00000000f7e00000, 0x00000000f7e00000| Untracked 
| 383|0x00000000f7f00000, 0x00000000f7f00000, 0x00000000f8000000|  0%| F|  |TAMS 0x00000000f7f00000, 0x00000000f7f00000| Untracked 
| 384|0x00000000f8000000, 0x00000000f8000000, 0x00000000f8100000|  0%| F|  |TAMS 0x00000000f8000000, 0x00000000f8000000| Untracked 
| 385|0x00000000f8100000, 0x00000000f8100000, 0x00000000f8200000|  0%| F|  |TAMS 0x00000000f8100000, 0x00000000f8100000| Untracked 
| 386|0x00000000f8200000, 0x00000000f8200000, 0x00000000f8300000|  0%| F|  |TAMS 0x00000000f8200000, 0x00000000f8200000| Untracked 
| 387|0x00000000f8300000, 0x00000000f8300000, 0x00000000f8400000|  0%| F|  |TAMS 0x00000000f8300000, 0x00000000f8300000| Untracked 
| 388|0x00000000f8400000, 0x00000000f8400000, 0x00000000f8500000|  0%| F|  |TAMS 0x00000000f8400000, 0x00000000f8400000| Untracked 
| 389|0x00000000f8500000, 0x00000000f8500000, 0x00000000f8600000|  0%| F|  |TAMS 0x00000000f8500000, 0x00000000f8500000| Untracked 
| 390|0x00000000f8600000, 0x00000000f8600000, 0x00000000f8700000|  0%| F|  |TAMS 0x00000000f8600000, 0x00000000f8600000| Untracked 
| 391|0x00000000f8700000, 0x00000000f8700000, 0x00000000f8800000|  0%| F|  |TAMS 0x00000000f8700000, 0x00000000f8700000| Untracked 
| 392|0x00000000f8800000, 0x00000000f8800000, 0x00000000f8900000|  0%| F|  |TAMS 0x00000000f8800000, 0x00000000f8800000| Untracked 
| 393|0x00000000f8900000, 0x00000000f8900000, 0x00000000f8a00000|  0%| F|  |TAMS 0x00000000f8900000, 0x00000000f8900000| Untracked 
| 394|0x00000000f8a00000, 0x00000000f8a00000, 0x00000000f8b00000|  0%| F|  |TAMS 0x00000000f8a00000, 0x00000000f8a00000| Untracked 
| 395|0x00000000f8b00000, 0x00000000f8b00000, 0x00000000f8c00000|  0%| F|  |TAMS 0x00000000f8b00000, 0x00000000f8b00000| Untracked 
| 396|0x00000000f8c00000, 0x00000000f8c00000, 0x00000000f8d00000|  0%| F|  |TAMS 0x00000000f8c00000, 0x00000000f8c00000| Untracked 
| 397|0x00000000f8d00000, 0x00000000f8d00000, 0x00000000f8e00000|  0%| F|  |TAMS 0x00000000f8d00000, 0x00000000f8d00000| Untracked 
| 398|0x00000000f8e00000, 0x00000000f8e00000, 0x00000000f8f00000|  0%| F|  |TAMS 0x00000000f8e00000, 0x00000000f8e00000| Untracked 
| 399|0x00000000f8f00000, 0x00000000f8f00000, 0x00000000f9000000|  0%| F|  |TAMS 0x00000000f8f00000, 0x00000000f8f00000| Untracked 
| 400|0x00000000f9000000, 0x00000000f9000000, 0x00000000f9100000|  0%| F|  |TAMS 0x00000000f9000000, 0x00000000f9000000| Untracked 
| 401|0x00000000f9100000, 0x00000000f9100000, 0x00000000f9200000|  0%| F|  |TAMS 0x00000000f9100000, 0x00000000f9100000| Untracked 
| 402|0x00000000f9200000, 0x00000000f9200000, 0x00000000f9300000|  0%| F|  |TAMS 0x00000000f9200000, 0x00000000f9200000| Untracked 
| 403|0x00000000f9300000, 0x00000000f935a6a0, 0x00000000f9400000| 35%| E|  |TAMS 0x00000000f9300000, 0x00000000f9300000| Complete 
| 404|0x00000000f9400000, 0x00000000f9500000, 0x00000000f9500000|100%| E|CS|TAMS 0x00000000f9400000, 0x00000000f9400000| Complete 
| 405|0x00000000f9500000, 0x00000000f9600000, 0x00000000f9600000|100%| E|CS|TAMS 0x00000000f9500000, 0x00000000f9500000| Complete 
| 406|0x00000000f9600000, 0x00000000f9700000, 0x00000000f9700000|100%| E|CS|TAMS 0x00000000f9600000, 0x00000000f9600000| Complete 
| 407|0x00000000f9700000, 0x00000000f9800000, 0x00000000f9800000|100%| E|CS|TAMS 0x00000000f9700000, 0x00000000f9700000| Complete 
| 408|0x00000000f9800000, 0x00000000f9900000, 0x00000000f9900000|100%| E|CS|TAMS 0x00000000f9800000, 0x00000000f9800000| Complete 
| 409|0x00000000f9900000, 0x00000000f9a00000, 0x00000000f9a00000|100%| E|CS|TAMS 0x00000000f9900000, 0x00000000f9900000| Complete 
| 410|0x00000000f9a00000, 0x00000000f9b00000, 0x00000000f9b00000|100%| E|CS|TAMS 0x00000000f9a00000, 0x00000000f9a00000| Complete 
| 411|0x00000000f9b00000, 0x00000000f9c00000, 0x00000000f9c00000|100%| E|CS|TAMS 0x00000000f9b00000, 0x00000000f9b00000| Complete 
| 412|0x00000000f9c00000, 0x00000000f9d00000, 0x00000000f9d00000|100%| E|CS|TAMS 0x00000000f9c00000, 0x00000000f9c00000| Complete 
| 413|0x00000000f9d00000, 0x00000000f9e00000, 0x00000000f9e00000|100%| E|CS|TAMS 0x00000000f9d00000, 0x00000000f9d00000| Complete 
| 414|0x00000000f9e00000, 0x00000000f9f00000, 0x00000000f9f00000|100%| E|CS|TAMS 0x00000000f9e00000, 0x00000000f9e00000| Complete 
| 415|0x00000000f9f00000, 0x00000000fa000000, 0x00000000fa000000|100%| E|CS|TAMS 0x00000000f9f00000, 0x00000000f9f00000| Complete 
| 416|0x00000000fa000000, 0x00000000fa100000, 0x00000000fa100000|100%| E|CS|TAMS 0x00000000fa000000, 0x00000000fa000000| Complete 
| 417|0x00000000fa100000, 0x00000000fa200000, 0x00000000fa200000|100%| E|CS|TAMS 0x00000000fa100000, 0x00000000fa100000| Complete 
| 418|0x00000000fa200000, 0x00000000fa300000, 0x00000000fa300000|100%| E|CS|TAMS 0x00000000fa200000, 0x00000000fa200000| Complete 
| 419|0x00000000fa300000, 0x00000000fa400000, 0x00000000fa400000|100%| E|CS|TAMS 0x00000000fa300000, 0x00000000fa300000| Complete 
| 420|0x00000000fa400000, 0x00000000fa500000, 0x00000000fa500000|100%| E|CS|TAMS 0x00000000fa400000, 0x00000000fa400000| Complete 
| 421|0x00000000fa500000, 0x00000000fa600000, 0x00000000fa600000|100%| E|CS|TAMS 0x00000000fa500000, 0x00000000fa500000| Complete 
| 422|0x00000000fa600000, 0x00000000fa700000, 0x00000000fa700000|100%| E|CS|TAMS 0x00000000fa600000, 0x00000000fa600000| Complete 
| 423|0x00000000fa700000, 0x00000000fa800000, 0x00000000fa800000|100%| E|CS|TAMS 0x00000000fa700000, 0x00000000fa700000| Complete 
| 424|0x00000000fa800000, 0x00000000fa900000, 0x00000000fa900000|100%| E|CS|TAMS 0x00000000fa800000, 0x00000000fa800000| Complete 
| 425|0x00000000fa900000, 0x00000000faa00000, 0x00000000faa00000|100%| E|CS|TAMS 0x00000000fa900000, 0x00000000fa900000| Complete 
| 426|0x00000000faa00000, 0x00000000fab00000, 0x00000000fab00000|100%| E|CS|TAMS 0x00000000faa00000, 0x00000000faa00000| Complete 
| 427|0x00000000fab00000, 0x00000000fac00000, 0x00000000fac00000|100%| E|CS|TAMS 0x00000000fab00000, 0x00000000fab00000| Complete 
| 428|0x00000000fac00000, 0x00000000fad00000, 0x00000000fad00000|100%| E|CS|TAMS 0x00000000fac00000, 0x00000000fac00000| Complete 
| 429|0x00000000fad00000, 0x00000000fae00000, 0x00000000fae00000|100%| E|CS|TAMS 0x00000000fad00000, 0x00000000fad00000| Complete 
| 430|0x00000000fae00000, 0x00000000faf00000, 0x00000000faf00000|100%| E|CS|TAMS 0x00000000fae00000, 0x00000000fae00000| Complete 
| 431|0x00000000faf00000, 0x00000000fb000000, 0x00000000fb000000|100%| E|CS|TAMS 0x00000000faf00000, 0x00000000faf00000| Complete 
| 432|0x00000000fb000000, 0x00000000fb100000, 0x00000000fb100000|100%| E|CS|TAMS 0x00000000fb000000, 0x00000000fb000000| Complete 
| 433|0x00000000fb100000, 0x00000000fb200000, 0x00000000fb200000|100%| E|CS|TAMS 0x00000000fb100000, 0x00000000fb100000| Complete 
| 434|0x00000000fb200000, 0x00000000fb300000, 0x00000000fb300000|100%| E|CS|TAMS 0x00000000fb200000, 0x00000000fb200000| Complete 
| 435|0x00000000fb300000, 0x00000000fb400000, 0x00000000fb400000|100%| E|CS|TAMS 0x00000000fb300000, 0x00000000fb300000| Complete 
| 436|0x00000000fb400000, 0x00000000fb500000, 0x00000000fb500000|100%| E|CS|TAMS 0x00000000fb400000, 0x00000000fb400000| Complete 
| 437|0x00000000fb500000, 0x00000000fb600000, 0x00000000fb600000|100%| E|CS|TAMS 0x00000000fb500000, 0x00000000fb500000| Complete 
| 438|0x00000000fb600000, 0x00000000fb700000, 0x00000000fb700000|100%| E|CS|TAMS 0x00000000fb600000, 0x00000000fb600000| Complete 
| 439|0x00000000fb700000, 0x00000000fb800000, 0x00000000fb800000|100%| E|CS|TAMS 0x00000000fb700000, 0x00000000fb700000| Complete 
| 440|0x00000000fb800000, 0x00000000fb900000, 0x00000000fb900000|100%| E|CS|TAMS 0x00000000fb800000, 0x00000000fb800000| Complete 
| 441|0x00000000fb900000, 0x00000000fba00000, 0x00000000fba00000|100%| E|CS|TAMS 0x00000000fb900000, 0x00000000fb900000| Complete 
| 442|0x00000000fba00000, 0x00000000fbb00000, 0x00000000fbb00000|100%| E|CS|TAMS 0x00000000fba00000, 0x00000000fba00000| Complete 
| 443|0x00000000fbb00000, 0x00000000fbc00000, 0x00000000fbc00000|100%| E|CS|TAMS 0x00000000fbb00000, 0x00000000fbb00000| Complete 
| 444|0x00000000fbc00000, 0x00000000fbd00000, 0x00000000fbd00000|100%| E|CS|TAMS 0x00000000fbc00000, 0x00000000fbc00000| Complete 
| 445|0x00000000fbd00000, 0x00000000fbe00000, 0x00000000fbe00000|100%| S|CS|TAMS 0x00000000fbd00000, 0x00000000fbd00000| Complete 
| 446|0x00000000fbe00000, 0x00000000fbf00000, 0x00000000fbf00000|100%| S|CS|TAMS 0x00000000fbe00000, 0x00000000fbe00000| Complete 
| 447|0x00000000fbf00000, 0x00000000fc000000, 0x00000000fc000000|100%| S|CS|TAMS 0x00000000fbf00000, 0x00000000fbf00000| Complete 
| 448|0x00000000fc000000, 0x00000000fc100000, 0x00000000fc100000|100%| S|CS|TAMS 0x00000000fc000000, 0x00000000fc000000| Complete 
| 449|0x00000000fc100000, 0x00000000fc200000, 0x00000000fc200000|100%| S|CS|TAMS 0x00000000fc100000, 0x00000000fc100000| Complete 
| 450|0x00000000fc200000, 0x00000000fc300000, 0x00000000fc300000|100%| S|CS|TAMS 0x00000000fc200000, 0x00000000fc200000| Complete 
| 451|0x00000000fc300000, 0x00000000fc400000, 0x00000000fc400000|100%| S|CS|TAMS 0x00000000fc300000, 0x00000000fc300000| Complete 
| 452|0x00000000fc400000, 0x00000000fc500000, 0x00000000fc500000|100%| S|CS|TAMS 0x00000000fc400000, 0x00000000fc400000| Complete 
| 453|0x00000000fc500000, 0x00000000fc600000, 0x00000000fc600000|100%| E|CS|TAMS 0x00000000fc500000, 0x00000000fc500000| Complete 
| 454|0x00000000fc600000, 0x00000000fc700000, 0x00000000fc700000|100%| E|CS|TAMS 0x00000000fc600000, 0x00000000fc600000| Complete 
| 455|0x00000000fc700000, 0x00000000fc800000, 0x00000000fc800000|100%| E|CS|TAMS 0x00000000fc700000, 0x00000000fc700000| Complete 
| 456|0x00000000fc800000, 0x00000000fc900000, 0x00000000fc900000|100%| E|CS|TAMS 0x00000000fc800000, 0x00000000fc800000| Complete 

Card table byte_map: [0x000001c4fac20000,0x000001c4fad20000] _byte_map_base: 0x000001c4fa520000

Marking Bits (Prev, Next): (CMBitMap*) 0x000001c4f0b30410, (CMBitMap*) 0x000001c4f0b303d0
 Prev Bits: [0x000001c4fb620000, 0x000001c4fbe20000)
 Next Bits: [0x000001c4fae20000, 0x000001c4fb620000)

Polling page: 0x000001c4f0bb0000

Metaspace:

Usage:
  Non-class:     86.42 MB used.
      Class:     14.05 MB used.
       Both:    100.48 MB used.

Virtual space:
  Non-class space:      128.00 MB reserved,      86.88 MB ( 68%) committed,  2 nodes.
      Class space:      320.00 MB reserved,      14.44 MB (  5%) committed,  1 nodes.
             Both:      448.00 MB reserved,     101.31 MB ( 23%) committed. 

Chunk freelists:
   Non-Class:  9.16 MB
       Class:  1.61 MB
        Both:  10.77 MB

MaxMetaspaceSize: 384.00 MB
CompressedClassSpaceSize: 320.00 MB
Initial GC threshold: 21.00 MB
Current GC threshold: 168.88 MB
CDS: on
MetaspaceReclaimPolicy: balanced
 - commit_granule_bytes: 65536.
 - commit_granule_words: 8192.
 - virtual_space_node_default_size: 8388608.
 - enlarge_chunks_in_place: 1.
 - new_chunks_are_fully_committed: 0.
 - uncommit_free_chunks: 1.
 - use_allocation_guard: 0.
 - handle_deallocations: 1.


Internal statistics:

num_allocs_failed_limit: 12.
num_arena_births: 1180.
num_arena_deaths: 0.
num_vsnodes_births: 3.
num_vsnodes_deaths: 0.
num_space_committed: 1620.
num_space_uncommitted: 0.
num_chunks_returned_to_freelist: 12.
num_chunks_taken_from_freelist: 5475.
num_chunk_merges: 9.
num_chunk_splits: 3668.
num_chunks_enlarged: 2479.
num_inconsistent_stats: 0.

CodeHeap 'non-profiled nmethods': size=120000Kb used=7277Kb max_used=7454Kb free=112722Kb
 bounds [0x000001c487ad0000, 0x000001c488220000, 0x000001c48f000000]
CodeHeap 'profiled nmethods': size=120000Kb used=20932Kb max_used=21296Kb free=99067Kb
 bounds [0x000001c480000000, 0x000001c481530000, 0x000001c487530000]
CodeHeap 'non-nmethods': size=5760Kb used=1734Kb max_used=1793Kb free=4025Kb
 bounds [0x000001c487530000, 0x000001c4877a0000, 0x000001c487ad0000]
 total_blobs=12179 nmethods=11357 adapters=734
 compilation: enabled
              stopped_count=0, restarted_count=0
 full_count=0

Compilation events (20 events):
Event: 16.262 Thread 0x000001c4feaf2c90 nmethod 13684 0x000001c480c86b10 code [0x000001c480c86d20, 0x000001c480c874b8]
Event: 16.262 Thread 0x000001c4feaf2c90 13685       2       com.android.tools.r8.graph.L4::a (160 bytes)
Event: 16.264 Thread 0x000001c4feaf2c90 nmethod 13685 0x000001c481308810 code [0x000001c481308a60, 0x000001c481309218]
Event: 16.264 Thread 0x000001c4feaf2c90 13686       2       com.android.tools.r8.internal.Dq::<init> (7 bytes)
Event: 16.264 Thread 0x000001c4feaf2c90 nmethod 13686 0x000001c480966410 code [0x000001c4809665c0, 0x000001c4809666e8]
Event: 16.264 Thread 0x000001c4feaf2c90 13687       2       com.android.tools.r8.internal.Eq::hashCode (30 bytes)
Event: 16.265 Thread 0x000001c4feaf2c90 nmethod 13687 0x000001c480966090 code [0x000001c480966240, 0x000001c480966388]
Event: 16.265 Thread 0x000001c4feaf2c90 13675       2       com.android.tools.r8.internal.g1::<init> (5 bytes)
Event: 16.265 Thread 0x000001c4feaf2c90 nmethod 13675 0x000001c4806ec090 code [0x000001c4806ec220, 0x000001c4806ec318]
Event: 16.265 Thread 0x000001c4feaf2c90 13676       2       com.android.tools.r8.internal.a1::<init> (5 bytes)
Event: 16.265 Thread 0x000001c4feaf2c90 nmethod 13676 0x000001c4807dd510 code [0x000001c4807dd6a0, 0x000001c4807dd798]
Event: 16.265 Thread 0x000001c4feaf2c90 13689       2       com.android.tools.r8.internal.mn::<init> (7 bytes)
Event: 16.265 Thread 0x000001c4feaf2c90 nmethod 13689 0x000001c480965b90 code [0x000001c480965d40, 0x000001c480965e68]
Event: 16.266 Thread 0x000001c4feaf2c90 13690       2       com.android.tools.r8.internal.im::<init> (7 bytes)
Event: 16.266 Thread 0x000001c4feaf2c90 nmethod 13690 0x000001c481308490 code [0x000001c481308640, 0x000001c481308768]
Event: 16.324 Thread 0x000001c4feaf2c90 13692       2       com.android.tools.r8.internal.Rr::<init> (7 bytes)
Event: 16.336 Thread 0x000001c4feaf2c90 nmethod 13692 0x000001c481308110 code [0x000001c4813082c0, 0x000001c4813083e8]
Event: 16.336 Thread 0x000001c4feaf2c90 13691       2       com.android.tools.r8.internal.qm::<init> (7 bytes)
Event: 16.336 Thread 0x000001c4feaf2c90 nmethod 13691 0x000001c481307c10 code [0x000001c481307dc0, 0x000001c481307ee8]
Event: 16.341 Thread 0x000001c4feaf2c90 13693       2       com.android.tools.r8.graph.v5::a (49 bytes)

GC Heap History (20 events):
Event: 10.029 GC heap before
{Heap before GC invocations=13 (full 0):
 garbage-first heap   total 262144K, used 205602K [0x00000000e0000000, 0x0000000100000000)
  region size 1024K, 153 young (156672K), 17 survivors (17408K)
 Metaspace       used 71912K, committed 72576K, reserved 393216K
  class space    used 9794K, committed 10112K, reserved 327680K
}
Event: 10.040 GC heap after
{Heap after GC invocations=14 (full 0):
 garbage-first heap   total 262144K, used 73752K [0x00000000e0000000, 0x0000000100000000)
  region size 1024K, 13 young (13312K), 13 survivors (13312K)
 Metaspace       used 71912K, committed 72576K, reserved 393216K
  class space    used 9794K, committed 10112K, reserved 327680K
}
Event: 11.392 GC heap before
{Heap before GC invocations=14 (full 0):
 garbage-first heap   total 262144K, used 207896K [0x00000000e0000000, 0x0000000100000000)
  region size 1024K, 144 young (147456K), 13 survivors (13312K)
 Metaspace       used 81566K, committed 82304K, reserved 458752K
  class space    used 11256K, committed 11648K, reserved 327680K
}
Event: 11.398 GC heap after
{Heap after GC invocations=15 (full 0):
 garbage-first heap   total 262144K, used 79539K [0x00000000e0000000, 0x0000000100000000)
  region size 1024K, 13 young (13312K), 13 survivors (13312K)
 Metaspace       used 81566K, committed 82304K, reserved 458752K
  class space    used 11256K, committed 11648K, reserved 327680K
}
Event: 12.761 GC heap before
{Heap before GC invocations=15 (full 0):
 garbage-first heap   total 262144K, used 210611K [0x00000000e0000000, 0x0000000100000000)
  region size 1024K, 142 young (145408K), 13 survivors (13312K)
 Metaspace       used 91721K, committed 92480K, reserved 458752K
  class space    used 12661K, committed 12992K, reserved 327680K
}
Event: 12.770 GC heap after
{Heap after GC invocations=16 (full 0):
 garbage-first heap   total 262144K, used 87292K [0x00000000e0000000, 0x0000000100000000)
  region size 1024K, 14 young (14336K), 14 survivors (14336K)
 Metaspace       used 91721K, committed 92480K, reserved 458752K
  class space    used 12661K, committed 12992K, reserved 327680K
}
Event: 14.360 GC heap before
{Heap before GC invocations=16 (full 0):
 garbage-first heap   total 262144K, used 216316K [0x00000000e0000000, 0x0000000100000000)
  region size 1024K, 136 young (139264K), 14 survivors (14336K)
 Metaspace       used 96188K, committed 96960K, reserved 458752K
  class space    used 13186K, committed 13568K, reserved 327680K
}
Event: 14.372 GC heap after
{Heap after GC invocations=17 (full 0):
 garbage-first heap   total 262144K, used 96377K [0x00000000e0000000, 0x0000000100000000)
  region size 1024K, 17 young (17408K), 17 survivors (17408K)
 Metaspace       used 96188K, committed 96960K, reserved 458752K
  class space    used 13186K, committed 13568K, reserved 327680K
}
Event: 15.376 GC heap before
{Heap before GC invocations=17 (full 0):
 garbage-first heap   total 262144K, used 230521K [0x00000000e0000000, 0x0000000100000000)
  region size 1024K, 117 young (119808K), 17 survivors (17408K)
 Metaspace       used 99853K, committed 100608K, reserved 458752K
  class space    used 13716K, committed 14080K, reserved 327680K
}
Event: 15.388 GC heap after
{Heap after GC invocations=18 (full 0):
 garbage-first heap   total 262144K, used 140080K [0x00000000e0000000, 0x0000000100000000)
  region size 1024K, 10 young (10240K), 10 survivors (10240K)
 Metaspace       used 99853K, committed 100608K, reserved 458752K
  class space    used 13716K, committed 14080K, reserved 327680K
}
Event: 15.409 GC heap before
{Heap before GC invocations=18 (full 0):
 garbage-first heap   total 262144K, used 147248K [0x00000000e0000000, 0x0000000100000000)
  region size 1024K, 15 young (15360K), 10 survivors (10240K)
 Metaspace       used 100149K, committed 100928K, reserved 458752K
  class space    used 13764K, committed 14144K, reserved 327680K
}
Event: 15.412 GC heap after
{Heap after GC invocations=19 (full 0):
 garbage-first heap   total 262144K, used 140889K [0x00000000e0000000, 0x0000000100000000)
  region size 1024K, 3 young (3072K), 3 survivors (3072K)
 Metaspace       used 100149K, committed 100928K, reserved 458752K
  class space    used 13764K, committed 14144K, reserved 327680K
}
Event: 15.759 GC heap before
{Heap before GC invocations=20 (full 0):
 garbage-first heap   total 365568K, used 280153K [0x00000000e0000000, 0x0000000100000000)
  region size 1024K, 80 young (81920K), 3 survivors (3072K)
 Metaspace       used 100285K, committed 101120K, reserved 458752K
  class space    used 13804K, committed 14208K, reserved 327680K
}
Event: 15.775 GC heap after
{Heap after GC invocations=21 (full 0):
 garbage-first heap   total 365568K, used 193757K [0x00000000e0000000, 0x0000000100000000)
  region size 1024K, 10 young (10240K), 10 survivors (10240K)
 Metaspace       used 100285K, committed 101120K, reserved 458752K
  class space    used 13804K, committed 14208K, reserved 327680K
}
Event: 15.807 GC heap before
{Heap before GC invocations=21 (full 0):
 garbage-first heap   total 365568K, used 202972K [0x00000000e0000000, 0x0000000100000000)
  region size 1024K, 17 young (17408K), 10 survivors (10240K)
 Metaspace       used 100300K, committed 101184K, reserved 458752K
  class space    used 13805K, committed 14208K, reserved 327680K
}
Event: 15.816 GC heap after
{Heap after GC invocations=22 (full 0):
 garbage-first heap   total 365568K, used 199916K [0x00000000e0000000, 0x0000000100000000)
  region size 1024K, 3 young (3072K), 3 survivors (3072K)
 Metaspace       used 100300K, committed 101184K, reserved 458752K
  class space    used 13805K, committed 14208K, reserved 327680K
}
Event: 16.129 GC heap before
{Heap before GC invocations=22 (full 0):
 garbage-first heap   total 365568K, used 283884K [0x00000000e0000000, 0x0000000100000000)
  region size 1024K, 86 young (88064K), 3 survivors (3072K)
 Metaspace       used 102831K, committed 103680K, reserved 458752K
  class space    used 14391K, committed 14784K, reserved 327680K
}
Event: 16.151 GC heap after
{Heap after GC invocations=23 (full 0):
 garbage-first heap   total 365568K, used 234702K [0x00000000e0000000, 0x0000000100000000)
  region size 1024K, 11 young (11264K), 11 survivors (11264K)
 Metaspace       used 102831K, committed 103680K, reserved 458752K
  class space    used 14391K, committed 14784K, reserved 327680K
}
Event: 16.266 GC heap before
{Heap before GC invocations=23 (full 0):
 garbage-first heap   total 467968K, used 283854K [0x00000000e0000000, 0x0000000100000000)
  region size 1024K, 60 young (61440K), 11 survivors (11264K)
 Metaspace       used 102880K, committed 103744K, reserved 458752K
  class space    used 14391K, committed 14784K, reserved 327680K
}
Event: 16.319 GC heap after
{Heap after GC invocations=24 (full 0):
 garbage-first heap   total 467968K, used 260969K [0x00000000e0000000, 0x0000000100000000)
  region size 1024K, 8 young (8192K), 8 survivors (8192K)
 Metaspace       used 102880K, committed 103744K, reserved 458752K
  class space    used 14391K, committed 14784K, reserved 327680K
}

Dll operation events (15 events):
Event: 0.008 Loaded shared library C:\Users\Edu Juanda Pratama\AppData\Local\Temp\temurin17\jdk-17.0.20.1+1\bin\java.dll
Event: 0.021 Loaded shared library C:\Users\Edu Juanda Pratama\AppData\Local\Temp\temurin17\jdk-17.0.20.1+1\bin\jsvml.dll
Event: 0.065 Loaded shared library C:\Users\Edu Juanda Pratama\AppData\Local\Temp\temurin17\jdk-17.0.20.1+1\bin\zip.dll
Event: 0.068 Loaded shared library C:\Users\Edu Juanda Pratama\AppData\Local\Temp\temurin17\jdk-17.0.20.1+1\bin\instrument.dll
Event: 0.072 Loaded shared library C:\Users\Edu Juanda Pratama\AppData\Local\Temp\temurin17\jdk-17.0.20.1+1\bin\net.dll
Event: 0.074 Loaded shared library C:\Users\Edu Juanda Pratama\AppData\Local\Temp\temurin17\jdk-17.0.20.1+1\bin\nio.dll
Event: 0.076 Loaded shared library C:\Users\Edu Juanda Pratama\AppData\Local\Temp\temurin17\jdk-17.0.20.1+1\bin\zip.dll
Event: 0.296 Loaded shared library C:\Users\Edu Juanda Pratama\AppData\Local\Temp\temurin17\jdk-17.0.20.1+1\bin\jimage.dll
Event: 0.418 Loaded shared library C:\Users\Edu Juanda Pratama\AppData\Local\Temp\temurin17\jdk-17.0.20.1+1\bin\verify.dll
Event: 0.493 Loaded shared library C:\Users\Edu Juanda Pratama\.gradle\native\1def1411415f61bf3af743bc5b6707747c0891f09f0c88961ee8f79bc544acac\windows-amd64\native-platform.dll
Event: 0.503 Loaded shared library C:\Users\Edu Juanda Pratama\.gradle\native\0.2.7\x86_64-windows-gnu\gradle-fileevents.dll
Event: 1.356 Loaded shared library C:\Users\Edu Juanda Pratama\AppData\Local\Temp\temurin17\jdk-17.0.20.1+1\bin\management.dll
Event: 1.359 Loaded shared library C:\Users\Edu Juanda Pratama\AppData\Local\Temp\temurin17\jdk-17.0.20.1+1\bin\management_ext.dll
Event: 1.600 Loaded shared library C:\Users\Edu Juanda Pratama\AppData\Local\Temp\temurin17\jdk-17.0.20.1+1\bin\extnet.dll
Event: 1.835 Loaded shared library C:\Users\Edu Juanda Pratama\AppData\Local\Temp\temurin17\jdk-17.0.20.1+1\bin\sunmscapi.dll

Deoptimization events (20 events):
Event: 15.995 Thread 0x000001c4ae97a860 DEOPT PACKING pc=0x000001c487ec1820 sp=0x0000002faa1fea00
Event: 15.995 Thread 0x000001c4ae97a860 DEOPT UNPACKING pc=0x000001c4875869a3 sp=0x0000002faa1fe940 mode 2
Event: 15.996 Thread 0x000001c4ae97ad70 Uncommon trap: trap_request=0xffffff45 fr.pc=0x000001c487eed48c relative=0x00000000000002ac
Event: 15.996 Thread 0x000001c4ae97c1b0 Uncommon trap: trap_request=0xffffff45 fr.pc=0x000001c487eed48c relative=0x00000000000002ac
Event: 15.996 Thread 0x000001c4ae97ad70 Uncommon trap: reason=unstable_if action=reinterpret pc=0x000001c487eed48c method=com.android.tools.r8.graph.x2.c(Ljava/lang/Object;)Z @ 37 c2
Event: 15.996 Thread 0x000001c4ae97c1b0 Uncommon trap: reason=unstable_if action=reinterpret pc=0x000001c487eed48c method=com.android.tools.r8.graph.x2.c(Ljava/lang/Object;)Z @ 37 c2
Event: 15.996 Thread 0x000001c4ae97ad70 DEOPT PACKING pc=0x000001c487eed48c sp=0x0000002faa2fe940
Event: 15.996 Thread 0x000001c4ae97ad70 DEOPT UNPACKING pc=0x000001c4875869a3 sp=0x0000002faa2fe8e0 mode 2
Event: 15.996 Thread 0x000001c4ae97c1b0 DEOPT PACKING pc=0x000001c487eed48c sp=0x0000002fa9ffea50
Event: 15.996 Thread 0x000001c4ae97c1b0 DEOPT UNPACKING pc=0x000001c4875869a3 sp=0x0000002fa9ffe9f0 mode 2
Event: 15.998 Thread 0x000001c4ae978a00 Uncommon trap: trap_request=0xffffff45 fr.pc=0x000001c487e864e8 relative=0x0000000000000148
Event: 15.998 Thread 0x000001c4ae978a00 Uncommon trap: reason=unstable_if action=reinterpret pc=0x000001c487e864e8 method=com.android.tools.r8.internal.TF.get(I)Ljava/lang/Object; @ 1 c2
Event: 15.998 Thread 0x000001c4ae978a00 DEOPT PACKING pc=0x000001c487e864e8 sp=0x0000002fa99fe560
Event: 15.998 Thread 0x000001c4ae978a00 DEOPT UNPACKING pc=0x000001c4875869a3 sp=0x0000002fa99fe4f8 mode 2
Event: 16.095 Thread 0x000001c4ae979e40 DEOPT PACKING pc=0x000001c480a2b091 sp=0x0000002fa9afe9e0
Event: 16.095 Thread 0x000001c4ae979e40 DEOPT UNPACKING pc=0x000001c487587143 sp=0x0000002fa9afdf28 mode 0
Event: 16.102 Thread 0x000001c4ae979930 Uncommon trap: trap_request=0xffffff45 fr.pc=0x000001c487ea1bf4 relative=0x0000000000000eb4
Event: 16.102 Thread 0x000001c4ae979930 Uncommon trap: reason=unstable_if action=reinterpret pc=0x000001c487ea1bf4 method=com.android.tools.r8.dex.C.h()Lcom/android/tools/r8/graph/O2; @ 64 c2
Event: 16.102 Thread 0x000001c4ae979930 DEOPT PACKING pc=0x000001c487ea1bf4 sp=0x0000002fa9efe840
Event: 16.102 Thread 0x000001c4ae979930 DEOPT UNPACKING pc=0x000001c4875869a3 sp=0x0000002fa9efe810 mode 2

Classes loaded (20 events):
Event: 15.374 Loading class java/nio/BufferUnderflowException
Event: 15.374 Loading class java/nio/BufferUnderflowException done
Event: 15.778 Loading class java/util/concurrent/ConcurrentHashMap$TreeNode
Event: 15.779 Loading class java/util/concurrent/ConcurrentHashMap$TreeNode done
Event: 15.779 Loading class java/util/concurrent/ConcurrentHashMap$TreeBin
Event: 15.779 Loading class java/util/concurrent/ConcurrentHashMap$TreeBin done
Event: 15.881 Loading class java/util/concurrent/ForkJoinTask$AdaptedCallable
Event: 15.881 Loading class java/util/concurrent/ForkJoinTask$AdaptedCallable done
Event: 15.882 Loading class java/util/concurrent/ForkJoinPool$DefaultForkJoinWorkerThreadFactory$1
Event: 15.882 Loading class java/util/concurrent/ForkJoinPool$DefaultForkJoinWorkerThreadFactory$1 done
Event: 15.987 Loading class java/nio/ShortBuffer
Event: 15.987 Loading class java/nio/ShortBuffer done
Event: 15.987 Loading class java/nio/HeapShortBuffer
Event: 15.987 Loading class java/nio/HeapShortBuffer done
Event: 15.995 Loading class java/util/AbstractList$RandomAccessSubList
Event: 15.995 Loading class java/util/AbstractList$SubList
Event: 15.995 Loading class java/util/AbstractList$SubList done
Event: 15.995 Loading class java/util/AbstractList$RandomAccessSubList done
Event: 15.996 Loading class java/util/AbstractList$SubList$1
Event: 15.996 Loading class java/util/AbstractList$SubList$1 done

Classes unloaded (0 events):
No events

Classes redefined (0 events):
No events

Internal exceptions (20 events):
Event: 13.724 Thread 0x000001c4ad3e2300 Implicit null exception at 0x000001c488129ed3 to 0x000001c48812a94c
Event: 13.846 Thread 0x000001c4ad3e2300 Implicit null exception at 0x000001c48813e106 to 0x000001c48813e980
Event: 13.986 Thread 0x000001c4ad3e2300 Exception <a 'java/lang/NoSuchMethodError'{0x00000000ea610808}: static Lcom/android/build/gradle/internal/scope/InternalArtifactType;.<clinit>()V> (0x00000000ea610808) 
thrown [s\src\hotspot\share\prims\jni.cpp, line 1112]
Event: 13.986 Thread 0x000001c4ad3e2300 Exception <a 'java/lang/NoSuchMethodError'{0x00000000ea612290}: static Lcom/android/build/gradle/internal/scope/InternalArtifactType;.<clinit>()V> (0x00000000ea612290) 
thrown [s\src\hotspot\share\prims\jni.cpp, line 1112]
Event: 13.986 Thread 0x000001c4ad3e2300 Exception <a 'java/lang/NoSuchMethodError'{0x00000000ea615788}: static Lcom/android/build/api/artifact/Artifact$Single;.<clinit>()V> (0x00000000ea615788) 
thrown [s\src\hotspot\share\prims\jni.cpp, line 1112]
Event: 13.986 Thread 0x000001c4ad3e2300 Exception <a 'java/lang/NoSuchMethodError'{0x00000000ea6180d0}: static Ljava/lang/Object;.<clinit>()V> (0x00000000ea6180d0) 
thrown [s\src\hotspot\share\prims\jni.cpp, line 1112]
Event: 13.987 Thread 0x000001c4ad3e2300 Exception <a 'java/lang/NoSuchMethodError'{0x00000000ea6344b8}: static Lcom/android/build/api/artifact/ArtifactKind;.<clinit>()V> (0x00000000ea6344b8) 
thrown [s\src\hotspot\share\prims\jni.cpp, line 1112]
Event: 13.987 Thread 0x000001c4ad3e2300 Exception <a 'java/lang/NoSuchMethodError'{0x00000000ea6359c0}: static Lcom/android/build/api/artifact/ArtifactKind;.<clinit>()V> (0x00000000ea6359c0) 
thrown [s\src\hotspot\share\prims\jni.cpp, line 1112]
Event: 14.175 Thread 0x000001c4ad3e2300 Exception <a 'java/lang/NoSuchMethodError'{0x00000000e95f7a58}: 'int java.lang.invoke.DirectMethodHandle$Holder.invokeSpecial(java.lang.Object, java.lang.Object, java.lang.Object, java.lang.Object, java.lang.Object)'> (0x00000000e95f7a58) 
thrown [s\src\hotspot\share\interpreter\linkResolver.cpp, line 759]
Event: 14.339 Thread 0x000001c4ad3e2300 Exception <a 'java/lang/NoSuchMethodError'{0x00000000e873d6d8}: static Ljava/lang/Object;.<clinit>()V> (0x00000000e873d6d8) 
thrown [s\src\hotspot\share\prims\jni.cpp, line 1112]
Event: 14.460 Thread 0x000001c4ad3e2300 Exception <a 'java/lang/NoSuchMethodError'{0x00000000ef8944a0}: static Ljava/lang/Object;.<clinit>()V> (0x00000000ef8944a0) 
thrown [s\src\hotspot\share\prims\jni.cpp, line 1112]
Event: 14.480 Thread 0x000001c4ad3e2300 Exception <a 'sun/nio/fs/WindowsException'{0x00000000ef7dd048}> (0x00000000ef7dd048) 
thrown [s\src\hotspot\share\prims\jni.cpp, line 516]
Event: 15.404 Thread 0x000001c4ae976ba0 Exception <a 'java/lang/NoSuchMethodError'{0x00000000efee6180}: 'java.lang.Object java.lang.invoke.DirectMethodHandle$Holder.invokeStaticInit(java.lang.Object, java.lang.Object, java.lang.Object, java.lang.Object, java.lang.Object, java.lang.Object, java.lang.Object, java.lang.Object, java.lang.Object, java.lang.Object, java.lang.Object, java.lang.Object, java.lang.Object, java.lang.Object, java.lang.Object, java.lang.Object, java.lang.Object, java.lang.Object, java.lang.Object, java.lang.Object, int, java
Event: 15.884 Thread 0x000001c4ae975250 Implicit null exception at 0x000001c4880f7bf6 to 0x000001c4880f9168
Event: 15.884 Thread 0x000001c4ae977fe0 Implicit null exception at 0x000001c487cd7f23 to 0x000001c487cd80e8
Event: 15.885 Thread 0x000001c4ae977fe0 Exception <a 'java/lang/IncompatibleClassChangeError'{0x00000000f51fbaf8}: Found class java.lang.Object, but interface was expected> (0x00000000f51fbaf8) 
thrown [s\src\hotspot\share\interpreter\linkResolver.cpp, line 826]
Event: 15.924 Thread 0x000001c4ae97ad70 Exception <a 'java/lang/NoSuchMethodError'{0x00000000f4f9c5e8}: 'long java.lang.invoke.DirectMethodHandle$Holder.invokeStatic(java.lang.Object, java.lang.Object, java.lang.Object)'> (0x00000000f4f9c5e8) 
thrown [s\src\hotspot\share\interpreter\linkResolver.cpp, line 759]
Event: 15.924 Thread 0x000001c4ae97b280 Exception <a 'java/lang/NoSuchMethodError'{0x00000000f4f37638}: 'long java.lang.invoke.DirectMethodHandle$Holder.invokeStatic(java.lang.Object, java.lang.Object, java.lang.Object)'> (0x00000000f4f37638) 
thrown [s\src\hotspot\share\interpreter\linkResolver.cpp, line 759]
Event: 15.926 Thread 0x000001c4ae9784f0 Exception <a 'java/lang/IncompatibleClassChangeError'{0x00000000f513b4e0}: Found class java.lang.Object, but interface was expected> (0x00000000f513b4e0) 
thrown [s\src\hotspot\share\interpreter\linkResolver.cpp, line 826]
Event: 15.926 Thread 0x000001c4ae9784f0 Exception <a 'java/lang/IncompatibleClassChangeError'{0x00000000f4c7e8f0}: Found class java.lang.Object, but interface was expected> (0x00000000f4c7e8f0) 
thrown [s\src\hotspot\share\interpreter\linkResolver.cpp, line 826]

VM Operations (20 events):
Event: 15.376 Executing VM operation: G1CollectForAllocation
Event: 15.388 Executing VM operation: G1CollectForAllocation done
Event: 15.409 Executing VM operation: G1TryInitiateConcMark
Event: 15.413 Executing VM operation: G1TryInitiateConcMark done
Event: 15.465 Executing VM operation: G1PauseRemark
Event: 15.469 Executing VM operation: G1PauseRemark done
Event: 15.486 Executing VM operation: G1PauseCleanup
Event: 15.486 Executing VM operation: G1PauseCleanup done
Event: 15.759 Executing VM operation: G1CollectForAllocation
Event: 15.775 Executing VM operation: G1CollectForAllocation done
Event: 15.807 Executing VM operation: G1CollectForAllocation
Event: 15.816 Executing VM operation: G1CollectForAllocation done
Event: 16.125 Executing VM operation: HandshakeAllThreads
Event: 16.125 Executing VM operation: HandshakeAllThreads done
Event: 16.128 Executing VM operation: G1CollectForAllocation
Event: 16.151 Executing VM operation: G1CollectForAllocation done
Event: 16.247 Executing VM operation: G1PauseRemark
Event: 16.253 Executing VM operation: G1PauseRemark done
Event: 16.266 Executing VM operation: G1CollectForAllocation
Event: 16.319 Executing VM operation: G1CollectForAllocation done

Memory protections (0 events):
No events

Nmethod flushes (20 events):
Event: 15.047 Thread 0x000001c4feb016c0 flushing  nmethod 0x000001c481324d10
Event: 15.047 Thread 0x000001c4feb016c0 flushing  nmethod 0x000001c48132e090
Event: 15.047 Thread 0x000001c4feb016c0 flushing  nmethod 0x000001c48132eb10
Event: 15.047 Thread 0x000001c4feb016c0 flushing  nmethod 0x000001c48134b610
Event: 15.047 Thread 0x000001c4feb016c0 flushing  nmethod 0x000001c48134ff90
Event: 15.047 Thread 0x000001c4feb016c0 flushing  nmethod 0x000001c481355e90
Event: 15.047 Thread 0x000001c4feb016c0 flushing  nmethod 0x000001c481357110
Event: 15.047 Thread 0x000001c4feb016c0 flushing  nmethod 0x000001c481358b90
Event: 15.047 Thread 0x000001c4feb016c0 flushing  nmethod 0x000001c48135cd10
Event: 15.047 Thread 0x000001c4feb016c0 flushing  nmethod 0x000001c48137be10
Event: 15.047 Thread 0x000001c4feb016c0 flushing  nmethod 0x000001c481397210
Event: 15.047 Thread 0x000001c4feb016c0 flushing  nmethod 0x000001c4813a7e90
Event: 15.047 Thread 0x000001c4feb016c0 flushing  nmethod 0x000001c4813a8890
Event: 15.047 Thread 0x000001c4feb016c0 flushing  nmethod 0x000001c4813a9490
Event: 15.047 Thread 0x000001c4feb016c0 flushing  nmethod 0x000001c4813aa090
Event: 15.047 Thread 0x000001c4feb016c0 flushing  nmethod 0x000001c4813ab410
Event: 15.047 Thread 0x000001c4feb016c0 flushing  nmethod 0x000001c4813b1490
Event: 15.047 Thread 0x000001c4feb016c0 flushing  nmethod 0x000001c481435990
Event: 15.047 Thread 0x000001c4feb016c0 flushing  nmethod 0x000001c481436090
Event: 15.047 Thread 0x000001c4feb016c0 flushing  nmethod 0x000001c481437410

Events (20 events):
Event: 13.697 Thread 0x000001c4ad3e2300 Thread added: 0x000001c4ad3e09b0
Event: 13.846 Thread 0x000001c4ad3e2300 Thread added: 0x000001c4fed1b1e0
Event: 13.872 Thread 0x000001c4ad3e2300 Thread added: 0x000001c4ae976180
Event: 13.925 Thread 0x000001c4ad3e2300 Thread added: 0x000001c4ae9775c0
Event: 13.997 Thread 0x000001c4ad3e2300 Thread added: 0x000001c4ae9770b0
Event: 14.004 Thread 0x000001c4ad3e2300 Thread added: 0x000001c4ae977ad0
Event: 15.028 Thread 0x000001c4ad3e2300 Thread added: 0x000001c4ae975c70
Event: 15.072 Thread 0x000001c4ae975c70 Thread added: 0x000001c4ae976ba0
Event: 15.882 Thread 0x000001c4ae976ba0 Thread added: 0x000001c4ae9784f0
Event: 15.883 Thread 0x000001c4ae9784f0 Thread added: 0x000001c4ae975250
Event: 15.883 Thread 0x000001c4ae975250 Thread added: 0x000001c4ae978a00
Event: 15.883 Thread 0x000001c4ae978a00 Thread added: 0x000001c4ae979e40
Event: 15.884 Thread 0x000001c4ae979e40 Thread added: 0x000001c4ae977fe0
Event: 15.884 Thread 0x000001c4ae977fe0 Thread added: 0x000001c4ae976690
Event: 15.884 Thread 0x000001c4ae976690 Thread added: 0x000001c4ae97a350
Event: 15.885 Thread 0x000001c4ae97a350 Thread added: 0x000001c4ae979930
Event: 15.885 Thread 0x000001c4ae979930 Thread added: 0x000001c4ae97c1b0
Event: 15.886 Thread 0x000001c4ae97c1b0 Thread added: 0x000001c4ae97b280
Event: 15.886 Thread 0x000001c4ae97b280 Thread added: 0x000001c4ae97a860
Event: 15.887 Thread 0x000001c4ae97a860 Thread added: 0x000001c4ae97ad70


Dynamic libraries:
0x00007ff6ad280000 - 0x00007ff6ad28e000 	C:\Users\Edu Juanda Pratama\AppData\Local\Temp\temurin17\jdk-17.0.20.1+1\bin\java.exe
0x00007ffac92c0000 - 0x00007ffac9527000 	C:\WINDOWS\SYSTEM32\ntdll.dll
0x00007ffac8a00000 - 0x00007ffac8aca000 	C:\WINDOWS\System32\KERNEL32.DLL
0x00007ffac6900000 - 0x00007ffac6d02000 	C:\WINDOWS\System32\KERNELBASE.dll
0x00007ffac6e90000 - 0x00007ffac6fdc000 	C:\WINDOWS\System32\ucrtbase.dll
0x00007ffa930f0000 - 0x00007ffa9310e000 	C:\Users\Edu Juanda Pratama\AppData\Local\Temp\temurin17\jdk-17.0.20.1+1\bin\VCRUNTIME140.dll
0x00007ffa93fd0000 - 0x00007ffa93fe8000 	C:\Users\Edu Juanda Pratama\AppData\Local\Temp\temurin17\jdk-17.0.20.1+1\bin\jli.dll
0x00007ffac75e0000 - 0x00007ffac77af000 	C:\WINDOWS\System32\USER32.dll
0x00007ffac6d10000 - 0x00007ffac6d37000 	C:\WINDOWS\System32\win32u.dll
0x00007ffab56d0000 - 0x00007ffab5960000 	C:\WINDOWS\WinSxS\amd64_microsoft.windows.common-controls_6595b64144ccf1df_6.0.26100.9278_none_3e0d1ba8e3303201\COMCTL32.dll
0x00007ffac88e0000 - 0x00007ffac8989000 	C:\WINDOWS\System32\msvcrt.dll
0x00007ffac8470000 - 0x00007ffac849b000 	C:\WINDOWS\System32\GDI32.dll
0x00007ffac6590000 - 0x00007ffac66b9000 	C:\WINDOWS\System32\gdi32full.dll
0x00007ffac6850000 - 0x00007ffac68f3000 	C:\WINDOWS\System32\msvcp_win.dll
0x00007ffac7540000 - 0x00007ffac7571000 	C:\WINDOWS\System32\IMM32.DLL
0x00007ffaa07f0000 - 0x00007ffaa07fc000 	C:\Users\Edu Juanda Pratama\AppData\Local\Temp\temurin17\jdk-17.0.20.1+1\bin\vcruntime140_1.dll
0x00007ffa50260000 - 0x00007ffa502ed000 	C:\Users\Edu Juanda Pratama\AppData\Local\Temp\temurin17\jdk-17.0.20.1+1\bin\msvcp140.dll
0x00007ffa33020000 - 0x00007ffa33c8c000 	C:\Users\Edu Juanda Pratama\AppData\Local\Temp\temurin17\jdk-17.0.20.1+1\bin\server\jvm.dll
0x00007ffac73e0000 - 0x00007ffac749c000 	C:\WINDOWS\System32\ADVAPI32.dll
0x00007ffac84a0000 - 0x00007ffac8549000 	C:\WINDOWS\System32\sechost.dll
0x00007ffac80f0000 - 0x00007ffac8208000 	C:\WINDOWS\System32\RPCRT4.dll
0x00007ffac8c30000 - 0x00007ffac8cb0000 	C:\WINDOWS\System32\WS2_32.dll
0x00007ffac6350000 - 0x00007ffac63ae000 	C:\WINDOWS\SYSTEM32\POWRPROF.dll
0x00007ffabee20000 - 0x00007ffabee56000 	C:\WINDOWS\SYSTEM32\WINMM.dll
0x00007ffabfe80000 - 0x00007ffabfe8b000 	C:\WINDOWS\SYSTEM32\VERSION.dll
0x00007ffac6330000 - 0x00007ffac6345000 	C:\WINDOWS\SYSTEM32\UMPDC.dll
0x00007ffac51a0000 - 0x00007ffac51bb000 	C:\WINDOWS\SYSTEM32\kernel.appcore.dll
0x00007ffaa0510000 - 0x00007ffaa051a000 	C:\Users\Edu Juanda Pratama\AppData\Local\Temp\temurin17\jdk-17.0.20.1+1\bin\jimage.dll
0x00007ffac36d0000 - 0x00007ffac3912000 	C:\WINDOWS\SYSTEM32\DBGHELP.DLL
0x00007ffac8550000 - 0x00007ffac88d4000 	C:\WINDOWS\System32\combase.dll
0x00007ffac77c0000 - 0x00007ffac7899000 	C:\WINDOWS\System32\OLEAUT32.dll
0x00007ffab49b0000 - 0x00007ffab49eb000 	C:\WINDOWS\SYSTEM32\dbgcore.DLL
0x00007ffac6dd0000 - 0x00007ffac6e7c000 	C:\WINDOWS\System32\bcryptPrimitives.dll
0x00007ffa9fcd0000 - 0x00007ffa9fcde000 	C:\Users\Edu Juanda Pratama\AppData\Local\Temp\temurin17\jdk-17.0.20.1+1\bin\instrument.dll
0x00007ffa69ee0000 - 0x00007ffa69f05000 	C:\Users\Edu Juanda Pratama\AppData\Local\Temp\temurin17\jdk-17.0.20.1+1\bin\java.dll
0x00007ffa43c20000 - 0x00007ffa43cf7000 	C:\Users\Edu Juanda Pratama\AppData\Local\Temp\temurin17\jdk-17.0.20.1+1\bin\jsvml.dll
0x00007ffac7930000 - 0x00007ffac80c8000 	C:\WINDOWS\System32\SHELL32.dll
0x00007ffac3f70000 - 0x00007ffac481e000 	C:\WINDOWS\SYSTEM32\windows.storage.dll
0x00007ffac7210000 - 0x00007ffac730b000 	C:\WINDOWS\System32\SHCORE.dll
0x00007ffac8990000 - 0x00007ffac89f6000 	C:\WINDOWS\System32\shlwapi.dll
0x00007ffac63f0000 - 0x00007ffac6419000 	C:\WINDOWS\SYSTEM32\profapi.dll
0x00007ffa65e60000 - 0x00007ffa65e78000 	C:\Users\Edu Juanda Pratama\AppData\Local\Temp\temurin17\jdk-17.0.20.1+1\bin\zip.dll
0x00007ffa65c60000 - 0x00007ffa65c7a000 	C:\Users\Edu Juanda Pratama\AppData\Local\Temp\temurin17\jdk-17.0.20.1+1\bin\net.dll
0x00007ffabe680000 - 0x00007ffabe7aa000 	C:\WINDOWS\SYSTEM32\WINHTTP.dll
0x00007ffac5760000 - 0x00007ffac57cc000 	C:\WINDOWS\system32\mswsock.dll
0x00007ffa625a0000 - 0x00007ffa625b6000 	C:\Users\Edu Juanda Pratama\AppData\Local\Temp\temurin17\jdk-17.0.20.1+1\bin\nio.dll
0x00007ffaa0d00000 - 0x00007ffaa0d10000 	C:\Users\Edu Juanda Pratama\AppData\Local\Temp\temurin17\jdk-17.0.20.1+1\bin\verify.dll
0x00007ffa61e90000 - 0x00007ffa61eb7000 	C:\Users\Edu Juanda Pratama\.gradle\native\1def1411415f61bf3af743bc5b6707747c0891f09f0c88961ee8f79bc544acac\windows-amd64\native-platform.dll
0x00007ffa61cd0000 - 0x00007ffa61d48000 	C:\Users\Edu Juanda Pratama\.gradle\native\0.2.7\x86_64-windows-gnu\gradle-fileevents.dll
0x00007ffaa0cf0000 - 0x00007ffaa0cfa000 	C:\Users\Edu Juanda Pratama\AppData\Local\Temp\temurin17\jdk-17.0.20.1+1\bin\management.dll
0x00007ffaa0ce0000 - 0x00007ffaa0cec000 	C:\Users\Edu Juanda Pratama\AppData\Local\Temp\temurin17\jdk-17.0.20.1+1\bin\management_ext.dll
0x00007ffac8cc0000 - 0x00007ffac8cc8000 	C:\WINDOWS\System32\PSAPI.DLL
0x00007ffac4b70000 - 0x00007ffac4ba3000 	C:\WINDOWS\SYSTEM32\IPHLPAPI.DLL
0x00007ffac7500000 - 0x00007ffac750a000 	C:\WINDOWS\System32\NSI.dll
0x00007ffabedf0000 - 0x00007ffabee0d000 	C:\WINDOWS\SYSTEM32\dhcpcsvc6.DLL
0x00007ffabdba0000 - 0x00007ffabdbc5000 	C:\WINDOWS\SYSTEM32\dhcpcsvc.DLL
0x00007ffac4bb0000 - 0x00007ffac4d08000 	C:\WINDOWS\SYSTEM32\DNSAPI.dll
0x00007ffac5540000 - 0x00007ffac554d000 	C:\WINDOWS\SYSTEM32\DSPARSE.dll
0x00007ffa9e100000 - 0x00007ffa9e109000 	C:\Users\Edu Juanda Pratama\AppData\Local\Temp\temurin17\jdk-17.0.20.1+1\bin\extnet.dll
0x00007ffac5a50000 - 0x00007ffac5a6b000 	C:\WINDOWS\SYSTEM32\CRYPTSP.dll
0x00007ffac5100000 - 0x00007ffac5139000 	C:\WINDOWS\system32\rsaenh.dll
0x00007ffac5810000 - 0x00007ffac5844000 	C:\WINDOWS\SYSTEM32\USERENV.dll
0x00007ffac63c0000 - 0x00007ffac63ea000 	C:\WINDOWS\SYSTEM32\bcrypt.dll
0x00007ffac5a70000 - 0x00007ffac5a7c000 	C:\WINDOWS\SYSTEM32\CRYPTBASE.dll
0x00007ffa9e090000 - 0x00007ffa9e09e000 	C:\Users\Edu Juanda Pratama\AppData\Local\Temp\temurin17\jdk-17.0.20.1+1\bin\sunmscapi.dll
0x00007ffac66c0000 - 0x00007ffac683e000 	C:\WINDOWS\System32\CRYPT32.dll
0x00007ffac5c90000 - 0x00007ffac5cc0000 	C:\WINDOWS\SYSTEM32\ncrypt.dll
0x00007ffac5c40000 - 0x00007ffac5c7f000 	C:\WINDOWS\SYSTEM32\NTASN1.dll
0x00007ffa96c10000 - 0x00007ffa96c18000 	C:\WINDOWS\system32\wshunix.dll

dbghelp: loaded successfully - version: 4.0.5 - missing functions: none
symbol engine: initialized successfully - sym options: 0x614 - pdb path: .;C:\Users\Edu Juanda Pratama\AppData\Local\Temp\temurin17\jdk-17.0.20.1+1\bin;C:\WINDOWS\SYSTEM32;C:\WINDOWS\WinSxS\amd64_microsoft.windows.common-controls_6595b64144ccf1df_6.0.26100.9278_none_3e0d1ba8e3303201;C:\Users\Edu Juanda Pratama\AppData\Local\Temp\temurin17\jdk-17.0.20.1+1\bin\server;C:\Users\Edu Juanda Pratama\.gradle\native\1def1411415f61bf3af743bc5b6707747c0891f09f0c88961ee8f79bc544acac\windows-amd64;C:\Users\Edu Juanda Pratama\.gradle\native\0.2.7\x86_64-windows-gnu

VM Arguments:
jvm_args: --add-opens=java.base/java.lang=ALL-UNNAMED --add-opens=java.base/java.lang.invoke=ALL-UNNAMED --add-opens=java.base/java.util=ALL-UNNAMED --add-opens=java.prefs/java.util.prefs=ALL-UNNAMED --add-exports=jdk.compiler/com.sun.tools.javac.api=ALL-UNNAMED --add-exports=jdk.compiler/com.sun.tools.javac.util=ALL-UNNAMED --add-opens=java.base/java.util=ALL-UNNAMED --add-opens=java.prefs/java.util.prefs=ALL-UNNAMED --add-opens=java.base/java.nio.charset=ALL-UNNAMED --add-opens=java.base/java.net=ALL-UNNAMED --add-opens=java.base/java.util.concurrent.atomic=ALL-UNNAMED --add-opens=java.xml/javax.xml.namespace=ALL-UNNAMED -XX:MaxMetaspaceSize=384m -XX:+HeapDumpOnOutOfMemoryError -Xms256m -Xmx512m -Dfile.encoding=windows-1252 -Duser.country=US -Duser.language=en -Duser.variant -javaagent:C:\Users\Edu Juanda Pratama\.gradle\wrapper\dists\gradle-8.13-bin\5xuhj0ry160q40clulazy9h7d\gradle-8.13\lib\agents\gradle-instrumentation-agent-8.13.jar 
java_command: org.gradle.launcher.daemon.bootstrap.GradleDaemon 8.13
java_class_path (initial): C:\Users\Edu Juanda Pratama\.gradle\wrapper\dists\gradle-8.13-bin\5xuhj0ry160q40clulazy9h7d\gradle-8.13\lib\gradle-daemon-main-8.13.jar
Launcher Type: SUN_STANDARD

[Global flags]
     intx CICompilerCount                          = 4                                         {product} {ergonomic}
   size_t CompressedClassSpaceSize                 = 335544320                                 {product} {ergonomic}
     uint ConcGCThreads                            = 3                                         {product} {ergonomic}
     uint G1ConcRefinementThreads                  = 10                                        {product} {ergonomic}
   size_t G1HeapRegionSize                         = 1048576                                   {product} {ergonomic}
    uintx GCDrainStackTargetSize                   = 64                                        {product} {ergonomic}
     bool HeapDumpOnOutOfMemoryError               = true                                   {manageable} {command line}
   size_t InitialHeapSize                          = 268435456                                 {product} {command line}
   size_t MarkStackSize                            = 4194304                                   {product} {ergonomic}
   size_t MaxHeapSize                              = 536870912                                 {product} {command line}
   size_t MaxMetaspaceSize                         = 402653184                                 {product} {command line}
   size_t MaxNewSize                               = 321912832                                 {product} {ergonomic}
   size_t MinHeapDeltaBytes                        = 1048576                                   {product} {ergonomic}
   size_t MinHeapSize                              = 268435456                                 {product} {command line}
    uintx NonNMethodCodeHeapSize                   = 5839372                                {pd product} {ergonomic}
    uintx NonProfiledCodeHeapSize                  = 122909434                              {pd product} {ergonomic}
    uintx ProfiledCodeHeapSize                     = 122909434                              {pd product} {ergonomic}
    uintx ReservedCodeCacheSize                    = 251658240                              {pd product} {ergonomic}
     bool SegmentedCodeCache                       = true                                      {product} {ergonomic}
   size_t SoftMaxHeapSize                          = 536870912                              {manageable} {ergonomic}
     bool UseCompressedClassPointers               = true                           {product lp64_product} {ergonomic}
     bool UseCompressedOops                        = true                           {product lp64_product} {ergonomic}
     bool UseG1GC                                  = true                                      {product} {ergonomic}
     bool UseLargePagesIndividualAllocation        = false                                  {pd product} {ergonomic}

Logging:
Log output configuration:
 #0: stdout all=warning uptime,level,tags
 #1: stderr all=off uptime,level,tags

Environment Variables:
JAVA_HOME=C:\Users\Edu Juanda Pratama\AppData\Local\Temp\temurin17\jdk-17.0.20.1+1
CLASSPATH=C:\Users\Edu Juanda Pratama\.gradle\wrapper\dists\gradle-8.13-bin\5xuhj0ry160q40clulazy9h7d\gradle-8.13\lib\gradle-gradle-cli-main-8.13.jar
PATH=C:\Program Files\WindowsApps\Microsoft.PowerShell_7.6.5.0_x64__8wekyb3d8bbwe;c:\Users\Edu Juanda Pratama\AppData\Roaming\Code\User\globalStorage\github.copilot-chat\debugCommand;c:\Users\Edu Juanda Pratama\AppData\Roaming\Code\User\globalStorage\github.copilot-chat\copilotCli;C:\Program Files\ImageMagick-7.1.2-Q16-HDRI;C:\Users\Edu Juanda Pratama\Desktop\ApkToll;D:\cursor\resources\app\bin;D:\Git\cmd;C:\WINDOWS\system32;C:\WINDOWS;C:\WINDOWS\System32\Wbem;C:\WINDOWS\System32\WindowsPowerShell\v1.0\;C:\WINDOWS\System32\OpenSSH\;C:\Program Files\Docker\Docker\resources\bin;C:\Program Files\Go\bin;C:\Program Files\nodejs\;C:\ProgramData\ComposerSetup\bin;C:\Users\Edu Juanda Pratama\.console-ninja\.bin;C:\WINDOWS\system32;C:\WINDOWS;C:\WINDOWS\System32\Wbem;C:\WINDOWS\System32\WindowsPowerShell\v1.0\;C:\WINDOWS\System32\OpenSSH\;D:\Users\MinGW\bin;C:\Users\Edu Juanda Pratama\AppData\Local\Microsoft\WindowsApps;D:\Clion\bin;D:\SFML-2.6.1\bin;D:\Program Files\nodejs\node_modules\npm\bin;D:\Program Files\nodejs;C:\Users\Edu Juanda Pratama\AppData\Roaming\Composer\vendor\bin;C:\Users\Edu Juanda Pratama\.bun\bin;D:\Git\bin;C:\Users\Edu Juanda Pratama\AppData\Local\Programs\Microsoft VS Code\bin;C:\php-8.3.8;C:\xampp;C:\xampp\xampp-control.ini;C:\Users\Edu Juanda Pratama\AppData\Local\Google\Cloud SDK\google-cloud-sdk\bin;C:\Users\Edu Juanda Pratama\AppData\Local\Programs\Python\Python313;C:\Users\Edu Juanda Pratama\AppData\Local\Programs\Python\Python311\Scripts;C:\Program Files\MongoDB\Server\8.0\bin;C:\Users\Edu Juanda Pratama\AppData\Local\Programs\mongosh\;C:\Users\Edu Juanda Pratama\AppData\Local\Programs\Ollama;C:\Users\Edu Juanda Pratama\AppData\Local\Programs\Windsurf\bin;C:\Program Files\PostgreSQL\16\bin;C:\src\flutter_windows_3.35.3-stable\flutter\bin;D:\AndroidSDK\cmdline-tools\latest\bin;D:\AndroidSDK\platform-tools;D:\AndroidSDK;ANDROID_HOME = D:\AndroidSDK;D:\AndroidSDK\tools;C:\Program Files\Eclipse Adoptium\jdk-17.0.16.8-hotspot\bin;c:\users\edu juanda pratama\.local\bin;C:\Users\Edu Juanda Pratama\AppData\Local\Programs\Python\Python313\Lib\site-packages\pip;C:\Users\Edu Juanda Pratama\AppData\Local\Programs\Python\Python313\Scripts\;C:\Program Files (x86)\Nmap;D:\Antigravity\bin;C:\Users\Edu Juanda Pratama\AppData\Local\Programs\Antigravity IDE\bin;C:\Users\Edu Juanda Pratama\AppData\Local\Programs\Zed\bin;C:\Users\Edu Juanda Pratama\AppData\Local\Microsoft\WindowsApps;C:\Users\Edu Juanda Pratama\go\bin;C:\Program Files\Go\bin;C:\Users\Edu Juanda Pratama\AppData\Roaming\npm;C:\Program Files\PostgreSQL\17\bin;
USERNAME=Edu Juanda Pratama
LANG=en_US.UTF-8
OS=Windows_NT
PROCESSOR_IDENTIFIER=AMD64 Family 25 Model 68 Stepping 1, AuthenticAMD
TMP=C:\Users\EDUJUA~1\AppData\Local\Temp
TEMP=C:\Users\EDUJUA~1\AppData\Local\Temp



Periodic native trim disabled


---------------  S Y S T E M  ---------------

OS:
 Windows 11 , 64 bit Build 26100 (10.0.26100.9278)
OS uptime: 6 days 15:52 hours

CPU: total 12 (initial active 12) (12 cores per cpu, 2 threads per core) family 25 model 68 stepping 1 microcode 0xa404102, cx8, cmov, fxsr, ht, mmx, 3dnowpref, sse, sse2, sse3, ssse3, sse4a, sse4.1, sse4.2, popcnt, lzcnt, tsc, tscinvbit, avx, avx2, aes, erms, clmul, bmi1, bmi2, adx, sha, fma, vzeroupper, clflush, clflushopt
Processor Information for processor 0
  Max Mhz: 3301, Current Mhz: 3301, Mhz Limit: 3301
Processor Information for processor 1
  Max Mhz: 3301, Current Mhz: 3301, Mhz Limit: 3301
Processor Information for processor 2
  Max Mhz: 3301, Current Mhz: 3301, Mhz Limit: 3301
Processor Information for processor 3
  Max Mhz: 3301, Current Mhz: 3301, Mhz Limit: 3301
Processor Information for processor 4
  Max Mhz: 3301, Current Mhz: 3301, Mhz Limit: 3301
Processor Information for processor 5
  Max Mhz: 3301, Current Mhz: 3301, Mhz Limit: 3301
Processor Information for processor 6
  Max Mhz: 3301, Current Mhz: 3301, Mhz Limit: 3301
Processor Information for processor 7
  Max Mhz: 3301, Current Mhz: 3301, Mhz Limit: 3301
Processor Information for processor 8
  Max Mhz: 3301, Current Mhz: 3301, Mhz Limit: 3301
Processor Information for processor 9
  Max Mhz: 3301, Current Mhz: 2008, Mhz Limit: 3301
Processor Information for processor 10
  Max Mhz: 3301, Current Mhz: 2008, Mhz Limit: 3301
Processor Information for processor 11
  Max Mhz: 3301, Current Mhz: 2008, Mhz Limit: 3301

Memory: 4k page, system-wide physical 15613M (8041M free)
TotalPageFile size 25853M (AvailPageFile size 10M)
current process WorkingSet (physical memory assigned to process): 665M, peak: 665M
current process commit charge ("private bytes"): 817M, peak: 817M

vm_info: OpenJDK 64-Bit Server VM (17.0.20.1+1) for windows-amd64 JRE (17.0.20.1+1), built on Aug 18 2026 20:44:09 by "admin" with MS VC++ 17.12 (VS2022)

END.
